RegistroANS;CNPJ;Razao_Social;Modalidade;UF;Trimestre;Ano;MediaDespesas
338648;77375897000162;FUNDAÃÃO SANEPAR DE ASSISTÃNCIA SOCIAL;AutogestÃ£o;PR;2;2025; 9.614.526,49
323268;40853020000120;UNIMED VALE DO SÃO FRANCISCO COOPERATIVA DE TRABALHO MÃDICO;Cooperativa MÃ©dica;PE;2;2025; 3.319.433,31
364312;45272366000158;UNIMED DE ARARAQUARA - COOP. DE TRAB. MÃDICO;Cooperativa MÃ©dica;SP;3;2025; 2.263.967,22
307751;12585261000108;FUNDAÃAO COMPESA DE PREVIDENCIA E ASSISTENCIA - COMPESAPREV;AutogestÃ£o;PE;3;2025; 754.279,63
331872;60214517000105;UNIMED SAO JOSE DOS CAMPOS - COOPERATIVA DE TRABALHO MEDICO;Cooperativa MÃ©dica;SP;3;2025; 240.999,95
315265;82353079000107;PARANA ASSISTENCIA MEDICA LTDA;Medicina de Grupo;PR;2;2025; 181.456,51
343684;88732318000108;UNIMED ALTO DA SERRA - SOCIEDADE COOPERATIVA DE SERVIÃO MÃDICO LTDA.;Cooperativa MÃ©dica;RS;3;2025; 121.740,89
315265;82353079000107;PARANA ASSISTENCIA MEDICA LTDA;Medicina de Grupo;PR;1;2025; 96.553,50
416738;8708980000193;OESTE SAÃDE ASSISTÃNCIA A SAÃDE SUPLEMENTAR S.A;Medicina de Grupo;SP;3;2025; 89.073,43
335100;45100138000109;UNIMED SAO JOSÃ DO RIO PRETO - COOP. DE TRABALHO MÃDICO;Cooperativa MÃ©dica;SP;1;2025; 78.728,12
420000;15713057000105;ASSOCIAÃÃO DO PLANO DE SAÃDE DA SANTA CASA DE MISERICÃRDIA DE ITABUNA - PLANSUL;Medicina de Grupo;BA;2;2025; 58.166,02
364860;85241339000132;UNIMED DE TUBARAO - COOPERATIVA DE TRABALHO MEDICO DA REGIAO DA AMUREL;Cooperativa MÃ©dica;SC;3;2025; 13.878,15
330108;26189530000113;UNIMED CURVELO COOPERATIVA DE TRABALHO MÃDICO LTDA.;Cooperativa MÃ©dica;MG;2;2025; 13.742,53
418960;17670901000193;CORPORE ADMINISTRADORA DE BENEFICIOS DA SAUDE LTDA;Administradora de BenefÃ­cios;SP;1;2025; 7.000,00
370070;81170003000175;UNIMED DE CASCAVEL COOPERATIVA DE TRABALHO MÃDICO;Cooperativa MÃ©dica;PR;2;2025; 6.037,01
312363;31432792000105;UNIMED DO EST. DO RJ FEDERAÃÃO EST. DAS COOPERATIVAS MÃDICAS;Cooperativa MÃ©dica;RJ;2;2025; 3.060,01
348180;95642179000197;HUMANA SAÃDE LTDA.;Medicina de Grupo;PR;2;2025; 280,39
420981;27113113000150;S1 OPERADORA DE PLANO DE SAÃDE LTDA;Medicina de Grupo;DF;2;2025; 1,46
424161;49168700000189;PRO-SAUDE JARINU ASSISTENCIA MEDICA SUPLEMENTAR LTDA.;Medicina de Grupo;SP;1;2025; 0,00
424161;49168700000189;PRO-SAUDE JARINU ASSISTENCIA MEDICA SUPLEMENTAR LTDA.;Medicina de Grupo;SP;2;2025; 0,00
424161;49168700000189;PRO-SAUDE JARINU ASSISTENCIA MEDICA SUPLEMENTAR LTDA.;Medicina de Grupo;SP;3;2025; 0,00
327468;66916305000156;UNIMED SUDOESTE PAULISTA COOPERATIVA DE TRABALHO MÃDICO;Cooperativa MÃ©dica;SP;3;2025; 0,00
411752;3849449000117;ASSOCIAÃÃO ASSISTENCIAL DE SAÃDE SUPLEMENTAR CRUZ AZUL SAÃDE;Medicina de Grupo;SP;3;2025; 0,00
420000;15713057000105;ASSOCIAÃÃO DO PLANO DE SAÃDE DA SANTA CASA DE MISERICÃRDIA DE ITABUNA - PLANSUL;Medicina de Grupo;BA;3;2025; 0,00
402206;2220135000198;ASSOCIAÃÃO GOIANA DO MINISTÃRIO PÃBLICO;AutogestÃ£o;GO;2;2025; 0,00
419958;20961779000119;ASSOCIAÃÃO PLANO DE SAÃDE SANTA CASA DE VALINHOS;Medicina de Grupo;SP;1;2025; 0,00
419958;20961779000119;ASSOCIAÃÃO PLANO DE SAÃDE SANTA CASA DE VALINHOS;Medicina de Grupo;SP;2;2025; 0,00
417424;11158465000191;AFFIX ADMINISTRADORA DE BENEFÃCIOS LTDA;Administradora de BenefÃ­cios;SP;2;2025; 0,00
360783;59007799000190;ASSOCIACAO DE SAUDE HOLAMBRA;Medicina de Grupo;SP;1;2025; 0,00
417475;51628360000173;PRONTO SOCORRO CONDE DE MOREIRA LIMA;Medicina de Grupo;SP;2;2025; 0,00
420981;27113113000150;S1 OPERADORA DE PLANO DE SAÃDE LTDA;Medicina de Grupo;DF;1;2025; 0,00
420981;27113113000150;S1 OPERADORA DE PLANO DE SAÃDE LTDA;Medicina de Grupo;DF;3;2025; 0,00
411752;3849449000117;ASSOCIAÃÃO ASSISTENCIAL DE SAÃDE SUPLEMENTAR CRUZ AZUL SAÃDE;Medicina de Grupo;SP;1;2025; 0,00
360783;59007799000190;ASSOCIACAO DE SAUDE HOLAMBRA;Medicina de Grupo;SP;3;2025; 0,00
360783;59007799000190;ASSOCIACAO DE SAUDE HOLAMBRA;Medicina de Grupo;SP;2;2025; 0,00
411752;3849449000117;ASSOCIAÃÃO ASSISTENCIAL DE SAÃDE SUPLEMENTAR CRUZ AZUL SAÃDE;Medicina de Grupo;SP;2;2025; 0,00
394734;67839969000121;AMEPLAN ASSISTÃNCIA MÃDICA PLANEJADA LTDA;Medicina de Grupo;SP;3;2025; 0,00
417424;11158465000191;AFFIX ADMINISTRADORA DE BENEFÃCIOS LTDA;Administradora de BenefÃ­cios;SP;3;2025; 0,00
414662;4911101000175;VIVENTERIS LTDA;Odontologia de Grupo;PR;1;2025; 0,00
414662;4911101000175;VIVENTERIS LTDA;Odontologia de Grupo;PR;3;2025; 0,00
335614;31466949000105;SAMEDIL SERVIÃOS DE ATENDIMENTO MÃDICO S/A;Medicina de Grupo;ES;1;2025; 0,00
335614;31466949000105;SAMEDIL SERVIÃOS DE ATENDIMENTO MÃDICO S/A;Medicina de Grupo;ES;2;2025; 0,00
421197;8225953000160;SANTA CASA DE MAUÃ SAÃDE;Medicina de Grupo;SP;1;2025; 0,00
335614;31466949000105;SAMEDIL SERVIÃOS DE ATENDIMENTO MÃDICO S/A;Medicina de Grupo;ES;3;2025; 0,00
421197;8225953000160;SANTA CASA DE MAUÃ SAÃDE;Medicina de Grupo;SP;3;2025; 0,00
424145;54698763000187;SAUDE VIVA ADMINISTRADORA DE BENEFICIOS LTDA;Administradora de BenefÃ­cios;SP;1;2025; 0,00
424145;54698763000187;SAUDE VIVA ADMINISTRADORA DE BENEFICIOS LTDA;Administradora de BenefÃ­cios;SP;2;2025; 0,00
421197;8225953000160;SANTA CASA DE MAUÃ SAÃDE;Medicina de Grupo;SP;2;2025; 0,00
353698;532888000103;UNIMED REGIÃO DA PRODUÃÃO/RS - COOPERATIVA DE ASSISTÃNCIA Ã SAÃDE LTDA;Cooperativa MÃ©dica;RS;2;2025; 0,00
406937;57272510000135;ASSOCIAÃÃO POLICIAL DE ASSISTÃNCIA Ã SAÃDE;AutogestÃ£o;SP;2;2025; 0,00
406937;57272510000135;ASSOCIAÃÃO POLICIAL DE ASSISTÃNCIA Ã SAÃDE;AutogestÃ£o;SP;3;2025; 0,00
407569;72916364000127;ASSOCIAÃÃO POLICIAL DE ASSISTÃNCIA Ã SAÃDE DE BARRETOS;AutogestÃ£o;SP;1;2025; 0,00
407569;72916364000127;ASSOCIAÃÃO POLICIAL DE ASSISTÃNCIA Ã SAÃDE DE BARRETOS;AutogestÃ£o;SP;2;2025; 0,00
407569;72916364000127;ASSOCIAÃÃO POLICIAL DE ASSISTÃNCIA Ã SAÃDE DE BARRETOS;AutogestÃ£o;SP;3;2025; 0,00
408794;72918287000144;ASSOCIAÃÃO POLICIAL DE ASSISTÃNCIA Ã SAÃDE DE RIBEIRÃO PRETO (APAS);AutogestÃ£o;SP;1;2025; 0,00
423408;29117294000118;PLANO SIGMA SAÃDE LTDA;Medicina de Grupo;SP;3;2025; 0,00
424528;59641573000147;ATIMED ASSISTENCIA MEDICA LTDA;Medicina de Grupo;SP;3;2025; 0,00
419257;19240452000179;BCI ADMINISTRADORA DE BENEFÃCIOS LTDA.;Administradora de BenefÃ­cios;SP;1;2025; 0,00
419257;19240452000179;BCI ADMINISTRADORA DE BENEFÃCIOS LTDA.;Administradora de BenefÃ­cios;SP;2;2025; 0,00
419257;19240452000179;BCI ADMINISTRADORA DE BENEFÃCIOS LTDA.;Administradora de BenefÃ­cios;SP;3;2025; 0,00
366561;2849393000138;BENSAUDE PLANO DE ASSISTENCIA MEDICA HOSPITALAR LTDA.;Medicina de Grupo;SP;2;2025; 0,00
366561;2849393000138;BENSAUDE PLANO DE ASSISTENCIA MEDICA HOSPITALAR LTDA.;Medicina de Grupo;SP;3;2025; 0,00
415111;4299138000194;BIOVIDA SAÃDE LTDA.;Medicina de Grupo;SP;1;2025; 0,00
415111;4299138000194;BIOVIDA SAÃDE LTDA.;Medicina de Grupo;SP;2;2025; 0,00
415111;4299138000194;BIOVIDA SAÃDE LTDA.;Medicina de Grupo;SP;3;2025; 0,00
422401;34673588000166;BIT LIFE BENEFÃCIOS LTDA;Administradora de BenefÃ­cios;SP;1;2025; 0,00
422401;34673588000166;BIT LIFE BENEFÃCIOS LTDA;Administradora de BenefÃ­cios;SP;2;2025; 0,00
422401;34673588000166;BIT LIFE BENEFÃCIOS LTDA;Administradora de BenefÃ­cios;SP;3;2025; 0,00
342386;3980208000102;UNIMED REGIONAL DE TRES LAGOAS COOPERATIVA DE TRABALHO MÃDICO;Cooperativa MÃ©dica;MS;3;2025; 0,00
347825;1052203000194;CAIXA ASSISTENCIAL UNIVERSITARIA DO RIO DE JANEIRO;AutogestÃ£o;RJ;2;2025; 0,00
347825;1052203000194;CAIXA ASSISTENCIAL UNIVERSITARIA DO RIO DE JANEIRO;AutogestÃ£o;RJ;3;2025; 0,00
419249;18321477000134;ASSOCIAÃÃO SANTA CASA SAÃDE DE SÃO JOSÃ DOS CAMPOS;Medicina de Grupo;SP;2;2025; 0,00
353060;38499547000156;UNIMED PATOS DE MINAS COOPERATIVA TRABALHO MÃDICO LTDA.;Cooperativa MÃ©dica;MG;2;2025; 0,00
353060;38499547000156;UNIMED PATOS DE MINAS COOPERATIVA TRABALHO MÃDICO LTDA.;Cooperativa MÃ©dica;MG;3;2025; 0,00
355593;41687179000184;UNIMED PATROCÃNIO COOPERATIVA DE TRABALHO MÃDICO LTDA.;Cooperativa MÃ©dica;MG;2;2025; 0,00
355593;41687179000184;UNIMED PATROCÃNIO COOPERATIVA DE TRABALHO MÃDICO LTDA.;Cooperativa MÃ©dica;MG;1;2025; 0,00
353876;730439000170;UNIMED PONTAL DO TRIÃNGULO - COOPERATIVA DE TRABALHO MÃDICO;Cooperativa MÃ©dica;MG;3;2025; 0,00
417491;11565995000154;PORTOMED - PORTO SEGURO SERVIÃOS DE SAUDE LTDA;Medicina de Grupo;SP;3;2025; 0,00
422959;41929347000109;PRESERVE SAUDE ASSISTENCIA MEDICA LTDA;Medicina de Grupo;BA;1;2025; 0,00
355593;41687179000184;UNIMED PATROCÃNIO COOPERATIVA DE TRABALHO MÃDICO LTDA.;Cooperativa MÃ©dica;MG;3;2025; 0,00
424145;54698763000187;SAUDE VIVA ADMINISTRADORA DE BENEFICIOS LTDA;Administradora de BenefÃ­cios;SP;3;2025; 0,00
422371;2753398000162;SF SISTEMAS DE SAÃDE LTDA;Medicina de Grupo;SP;1;2025; 0,00
422371;2753398000162;SF SISTEMAS DE SAÃDE LTDA;Medicina de Grupo;SP;2;2025; 0,00
422371;2753398000162;SF SISTEMAS DE SAÃDE LTDA;Medicina de Grupo;SP;3;2025; 0,00
333239;1672007000112;SISTEMA PREVSAUDE DENTAL LTDA;Odontologia de Grupo;CE;1;2025; 0,00
333239;1672007000112;SISTEMA PREVSAUDE DENTAL LTDA;Odontologia de Grupo;CE;2;2025; 0,00
333239;1672007000112;SISTEMA PREVSAUDE DENTAL LTDA;Odontologia de Grupo;CE;3;2025; 0,00
422959;41929347000109;PRESERVE SAUDE ASSISTENCIA MEDICA LTDA;Medicina de Grupo;BA;3;2025; 0,00
420051;19031941000110;SMART CARE SISTEMAS MÃDICOS E ODONTOLÃGICOS LTDA.;Odontologia de Grupo;SP;1;2025; 0,00
420051;19031941000110;SMART CARE SISTEMAS MÃDICOS E ODONTOLÃGICOS LTDA.;Odontologia de Grupo;SP;2;2025; 0,00
310239;17146846000137;PESSOAL SAÃDE PLANOS DE ASSISTÃNCIA MÃDICA LTDA;Medicina de Grupo;SP;2;2025; 0,00
419958;20961779000119;ASSOCIAÃÃO PLANO DE SAÃDE SANTA CASA DE VALINHOS;Medicina de Grupo;SP;3;2025; 0,00
406937;57272510000135;ASSOCIAÃÃO POLICIAL DE ASSISTÃNCIA Ã SAÃDE;AutogestÃ£o;SP;1;2025; 0,00
423912;53249803000140;ASSISTÃNCIA MÃDICA 12 DE OUTUBRO LTDA;Medicina de Grupo;SP;3;2025; 0,00
325236;66854779000110;ASSISTÃNCIA MÃDICA SÃO MIGUEL LTDA;Medicina de Grupo;SP;1;2025; 0,00
325236;66854779000110;ASSISTÃNCIA MÃDICA SÃO MIGUEL LTDA;Medicina de Grupo;SP;2;2025; 0,00
325236;66854779000110;ASSISTÃNCIA MÃDICA SÃO MIGUEL LTDA;Medicina de Grupo;SP;3;2025; 0,00
423815;51212821000122;SAGRADA SAÃDE ASSISTÃNCIA MÃDICA LTDA;Medicina de Grupo;MG;1;2025; 0,00
423815;51212821000122;SAGRADA SAÃDE ASSISTÃNCIA MÃDICA LTDA;Medicina de Grupo;MG;2;2025; 0,00
423815;51212821000122;SAGRADA SAÃDE ASSISTÃNCIA MÃDICA LTDA;Medicina de Grupo;MG;3;2025; 0,00
419567;19663787000108;SALUPLAN ADMINISTRADORA DE BENEFÃCIOS LTDA;Administradora de BenefÃ­cios;SP;1;2025; 0,00
419567;19663787000108;SALUPLAN ADMINISTRADORA DE BENEFÃCIOS LTDA;Administradora de BenefÃ­cios;SP;2;2025; 0,00
419567;19663787000108;SALUPLAN ADMINISTRADORA DE BENEFÃCIOS LTDA;Administradora de BenefÃ­cios;SP;3;2025; 0,00
414662;4911101000175;VIVENTERIS LTDA;Odontologia de Grupo;PR;2;2025; 0,00
310239;17146846000137;PESSOAL SAÃDE PLANOS DE ASSISTÃNCIA MÃDICA LTDA;Medicina de Grupo;SP;3;2025; 0,00
301744;1356020000162;UNIMED MEIO OESTE CATARINENSE COOPERATIVA DE TRABALHO MÃDICO;Cooperativa MÃ©dica;SC;2;2025; 0,00
415910;2569472000195;CENTRO DE ENDOCRINOLOGIA DE JUNDIAÃ S/S LTDA;Medicina de Grupo;SP;1;2025; 0,00
336858;81710543000102;UNIMED FRANCISCO BELTRAO COOPERATIVA DE TRABALHO MEDICO;Cooperativa MÃ©dica;PR;2;2025; 0,00
415774;7844436000106;CABERJ INTEGRAL SAÃDE S.A;Medicina de Grupo;RJ;2;2025; 0,00
309907;37313475000148;UNIMED PALMAS COOPERATIVA DE TRABALHO MÃDICO;Cooperativa MÃ©dica;TO;3;2025; 0,00
309907;37313475000148;UNIMED PALMAS COOPERATIVA DE TRABALHO MÃDICO;Cooperativa MÃ©dica;TO;2;2025; 0,00
305227;78420783000150;UNIMED OESTE DO PARANA - COOPERATIVA DE TRABALHO MEDICO;Cooperativa MÃ©dica;PR;2;2025; 0,00
418820;27085968000114;CAIXA DE ASSISTÃNCIA AOS MEMBROS DA DEFENSORIA PÃBLICA DO ESTADO DO RIO DE JANEIRO;AutogestÃ£o;RJ;3;2025; 0,00
358282;80297161000128;UNIMED NORTE DO PARANÃ COOPERATIVA REGIONAL DE TRABALHO MÃDICO;Cooperativa MÃ©dica;PR;3;2025; 0,00
358282;80297161000128;UNIMED NORTE DO PARANÃ COOPERATIVA REGIONAL DE TRABALHO MÃDICO;Cooperativa MÃ©dica;PR;2;2025; 0,00
413518;4197511000104;CAIXA DE ASSISTÃNCIA DO SINDFISCO - CASSIND;AutogestÃ£o;SE;3;2025; 0,00
310239;17146846000137;PESSOAL SAÃDE PLANOS DE ASSISTÃNCIA MÃDICA LTDA;Medicina de Grupo;SP;1;2025; 0,00
416410;97403778000183;SOCIODONTO PLANO DE ASSISTÃNCIA ODONTOLÃGICA LTDA;Odontologia de Grupo;MG;1;2025; 0,00
416410;97403778000183;SOCIODONTO PLANO DE ASSISTÃNCIA ODONTOLÃGICA LTDA;Odontologia de Grupo;MG;3;2025; 0,00
423408;29117294000118;PLANO SIGMA SAÃDE LTDA;Medicina de Grupo;SP;1;2025; 0,00
415944;51262335000119;CLÃNICA SÃO GABRIEL S/S LTDA;Medicina de Grupo;SP;3;2025; 0,00
414387;3187913000157;ODONTOART PLANOS ODONTOLÃGICOS LTDA;Odontologia de Grupo;CE;3;2025; 0,00
423017;42209475000132;TOTAL SAUDE  ADMINISTRADORA DE BENEFICIOS EIRELI;Administradora de BenefÃ­cios;ES;1;2025; 0,00
418960;17670901000193;CORPORE ADMINISTRADORA DE BENEFICIOS DA SAUDE LTDA;Administradora de BenefÃ­cios;SP;2;2025; 0,00
314366;571628000147;DENTAL PLUS CONVÃNIO ODONTOLÃGICO LTDA.;Odontologia de Grupo;SP;2;2025; 0,00
314366;571628000147;DENTAL PLUS CONVÃNIO ODONTOLÃGICO LTDA.;Odontologia de Grupo;SP;3;2025; 0,00
314366;571628000147;DENTAL PLUS CONVÃNIO ODONTOLÃGICO LTDA.;Odontologia de Grupo;SP;1;2025; 0,00
418960;17670901000193;CORPORE ADMINISTRADORA DE BENEFICIOS DA SAUDE LTDA;Administradora de BenefÃ­cios;SP;3;2025; 0,00
322890;2156150000114;DENTALPAR ASSISTÃNCIA ODONTOLÃGICA EMPRESARIAL LTDA.;Odontologia de Grupo;SP;2;2025; 0,00
322890;2156150000114;DENTALPAR ASSISTÃNCIA ODONTOLÃGICA EMPRESARIAL LTDA.;Odontologia de Grupo;SP;1;2025; 0,00
365530;56762172000157;UNIMED DE TUPA COOPERATIVA DE TRABALHO MÃDICO;Cooperativa MÃ©dica;SP;2;2025; 0,00
344362;96509690000188;SÃO LUCAS SAÃDE S/A;Medicina de Grupo;SP;2;2025; 0,00
423017;42209475000132;TOTAL SAUDE  ADMINISTRADORA DE BENEFICIOS EIRELI;Administradora de BenefÃ­cios;ES;2;2025; 0,00
411256;3011072000122;PLANO HOSPITAL SAMARITANO LTDA;Medicina de Grupo;SP;2;2025; 0,00
324299;68682715000105;PLAMER PLANO MEDICO RESENDE LTDA;Medicina de Grupo;RJ;1;2025; 0,00
324299;68682715000105;PLAMER PLANO MEDICO RESENDE LTDA;Medicina de Grupo;RJ;2;2025; 0,00
421707;31097886000167;PERSONAL CARE OPERADORA DE SAÃDE SA;Medicina de Grupo;SP;1;2025; 0,00
315265;82353079000107;PARANA ASSISTENCIA MEDICA LTDA;Medicina de Grupo;PR;3;2025; 0,00
419699;20918393000124;OPERADORA DE PLANOS PRIVADOS DE SAÃDE - SANTA CASA SAÃDE LTDA;Medicina de Grupo;MS;2;2025; 0,00
421707;31097886000167;PERSONAL CARE OPERADORA DE SAÃDE SA;Medicina de Grupo;SP;2;2025; 0,00
385255;1445199000124;UNIHOSP SAÃDE LTDA;Medicina de Grupo;SP;3;2025; 0,00
351776;45467404000128;UNIMED DE REGISTRO COOPERATIVA DE TRABALHO MÃDICO;Cooperativa MÃ©dica;SP;2;2025; 0,00
385255;1445199000124;UNIHOSP SAÃDE LTDA;Medicina de Grupo;SP;1;2025; 0,00
422827;37020290000145;TRINO - ALIANCA FILANTRÃPICA DE ASSISTÃNCIA E INTEGRAÃÃO PARA O DESENVOLVIMENTO DA SAUDE;Medicina de Grupo;ES;3;2025; 0,00
322890;2156150000114;DENTALPAR ASSISTÃNCIA ODONTOLÃGICA EMPRESARIAL LTDA.;Odontologia de Grupo;SP;3;2025; 0,00
365645;30505523000150;DONA SAÃDE CLINICAS LTDA ;Medicina de Grupo;SP;1;2025; 0,00
424544;58434577000191;ELITE SAUDE SERVICOS MEDICOS LTDA.;Medicina de Grupo;SP;3;2025; 0,00
424544;58434577000191;ELITE SAUDE SERVICOS MEDICOS LTDA.;Medicina de Grupo;SP;2;2025; 0,00
422576;37442364000131;ESPLENDOR ADMINISTRADORA DE BENEFÃCIOS LTDA.;Administradora de BenefÃ­cios;DF;1;2025; 0,00
422576;37442364000131;ESPLENDOR ADMINISTRADORA DE BENEFÃCIOS LTDA.;Administradora de BenefÃ­cios;DF;2;2025; 0,00
351776;45467404000128;UNIMED DE REGISTRO COOPERATIVA DE TRABALHO MÃDICO;Cooperativa MÃ©dica;SP;3;2025; 0,00
385255;1445199000124;UNIHOSP SAÃDE LTDA;Medicina de Grupo;SP;2;2025; 0,00
415944;51262335000119;CLÃNICA SÃO GABRIEL S/S LTDA;Medicina de Grupo;SP;1;2025; 0,00
422576;37442364000131;ESPLENDOR ADMINISTRADORA DE BENEFÃCIOS LTDA.;Administradora de BenefÃ­cios;DF;3;2025; 0,00
361615;75003525000180;UNIMED DE PARANAGUÃ COOPERATIVA DE TRABALHO MÃDICO;Cooperativa MÃ©dica;PR;2;2025; 0,00
415944;51262335000119;CLÃNICA SÃO GABRIEL S/S LTDA;Medicina de Grupo;SP;2;2025; 0,00
361615;75003525000180;UNIMED DE PARANAGUÃ COOPERATIVA DE TRABALHO MÃDICO;Cooperativa MÃ©dica;PR;3;2025; 0,00
355151;75054940000162;FUNDAÃÃO COPEL DE PREVIDÃNCIA E ASSISTÃNCIA SOCIAL;AutogestÃ£o;PR;3;2025; 0,00
312126;73809352000166;FUNDAÃÃO SAÃDE ITAÃ;AutogestÃ£o;MG;1;2025; 0,00
361615;75003525000180;UNIMED DE PARANAGUÃ COOPERATIVA DE TRABALHO MÃDICO;Cooperativa MÃ©dica;PR;1;2025; 0,00
312126;73809352000166;FUNDAÃÃO SAÃDE ITAÃ;AutogestÃ£o;MG;2;2025; 0,00
351776;45467404000128;UNIMED DE REGISTRO COOPERATIVA DE TRABALHO MÃDICO;Cooperativa MÃ©dica;SP;1;2025; 0,00
304468;37436920000167;UNIMED BARRA DO GARÃAS - COOPERATIVA DE TRABALHO MÃDICO;Cooperativa MÃ©dica;MT;2;2025; 0,00
365530;56762172000157;UNIMED DE TUPA COOPERATIVA DE TRABALHO MÃDICO;Cooperativa MÃ©dica;SP;3;2025; 0,00
419699;20918393000124;OPERADORA DE PLANOS PRIVADOS DE SAÃDE - SANTA CASA SAÃDE LTDA;Medicina de Grupo;MS;3;2025; 0,00
411256;3011072000122;PLANO HOSPITAL SAMARITANO LTDA;Medicina de Grupo;SP;3;2025; 0,00
324299;68682715000105;PLAMER PLANO MEDICO RESENDE LTDA;Medicina de Grupo;RJ;3;2025; 0,00
411256;3011072000122;PLANO HOSPITAL SAMARITANO LTDA;Medicina de Grupo;SP;1;2025; 0,00
419281;14891935000110;ODONTO SEG OPERADORA DE PLANOS ODONTOLOGICOS S.A.;Odontologia de Grupo;SP;1;2025; 0,00
417840;2919940000104;NOVODENTE S/A;Odontologia de Grupo;RS;3;2025; 0,00
421146;28311619000136;NEXO - ADMINISTRADORA DE BENEFICIOS LTDA;Administradora de BenefÃ­cios;SP;3;2025; 0,00
421146;28311619000136;NEXO - ADMINISTRADORA DE BENEFICIOS LTDA;Administradora de BenefÃ­cios;SP;2;2025; 0,00
421146;28311619000136;NEXO - ADMINISTRADORA DE BENEFICIOS LTDA;Administradora de BenefÃ­cios;SP;1;2025; 0,00
420841;22694698000125;INTERCLINICAS PLANO VIDA USA OPERADORA DE SAUDE LTDA;Medicina de Grupo;SP;1;2025; 0,00
420841;22694698000125;INTERCLINICAS PLANO VIDA USA OPERADORA DE SAUDE LTDA;Medicina de Grupo;SP;2;2025; 0,00
347736;26368613000170;UNIMED CARATINGA - COOPERATIVA DE TRABALHO MÃDICO LTDA;Cooperativa MÃ©dica;MG;3;2025; 0,00
303844;2687852000124;UNIMED DE ANDRADINA - COOPERATIVA DE TRABALHO MÃDICO;Cooperativa MÃ©dica;SP;3;2025; 0,00
312126;73809352000166;FUNDAÃÃO SAÃDE ITAÃ;AutogestÃ£o;MG;3;2025; 0,00
304883;45425899000122;UNIMED DE BOTUCATU COOPERATIVA DE TRABALHO MÃDICO;Cooperativa MÃ©dica;SP;3;2025; 0,00
324566;1193663000132;UNIMED DE CATALÃO COOPERATIVA DE TRABALHO MÃDICO;Cooperativa MÃ©dica;GO;2;2025; 0,00
324566;1193663000132;UNIMED DE CATALÃO COOPERATIVA DE TRABALHO MÃDICO;Cooperativa MÃ©dica;GO;3;2025; 0,00
354279;71695746000105;UNIMED DE LINS - COOPERATIVA DE TRABALHOS MÃDICOS;Cooperativa MÃ©dica;SP;1;2025; 0,00
342955;29780384000194;HSMED SAUDE LTDA;Medicina de Grupo;RJ;1;2025; 0,00
419281;14891935000110;ODONTO SEG OPERADORA DE PLANOS ODONTOLOGICOS S.A.;Odontologia de Grupo;SP;2;2025; 0,00
342955;29780384000194;HSMED SAUDE LTDA;Medicina de Grupo;RJ;2;2025; 0,00
342955;29780384000194;HSMED SAUDE LTDA;Medicina de Grupo;RJ;3;2025; 0,00
348180;95642179000197;HUMANA SAÃDE LTDA.;Medicina de Grupo;PR;3;2025; 0,00
419010;3518900000113;INSTITUTO CURITIBA DE SAÃDE;AutogestÃ£o;PR;1;2025; 0,00
419010;3518900000113;INSTITUTO CURITIBA DE SAÃDE;AutogestÃ£o;PR;2;2025; 0,00
419010;3518900000113;INSTITUTO CURITIBA DE SAÃDE;AutogestÃ£o;PR;3;2025; 0,00
315648;64327059000171;UNIMED CATAGUASES COOPERATIVA DE TRABALHO MÃDICO LTDA;Cooperativa MÃ©dica;MG;2;2025; 0,00
420841;22694698000125;INTERCLINICAS PLANO VIDA USA OPERADORA DE SAUDE LTDA;Medicina de Grupo;SP;3;2025; 0,00
364592;2127779000136;LEADER ASSISTÃNCIA MÃDICA E HOSPITALAR LTDA.;Medicina de Grupo;SP;1;2025; 0,00
364592;2127779000136;LEADER ASSISTÃNCIA MÃDICA E HOSPITALAR LTDA.;Medicina de Grupo;SP;2;2025; 0,00
364592;2127779000136;LEADER ASSISTÃNCIA MÃDICA E HOSPITALAR LTDA.;Medicina de Grupo;SP;3;2025; 0,00
422339;36503186000149;LEVE SAUDE OPERADORA DE PLANOS DE SAUDE S.A;Medicina de Grupo;RJ;3;2025; 0,00
379280;846662000187;LIV LINHAS INTELIGENTES DE ATENÃÃO Ã VIDA S/A;Medicina de Grupo;SP;1;2025; 0,00
417611;10846369000173;HEALTH ADMINISTRADORA DE BENEFICIOS LTDA;Administradora de BenefÃ­cios;SP;1;2025; 0,00
421723;27047334000177;HEALTH-MED SISTEMA DE SAUDE LTDA;Medicina de Grupo;RJ;1;2025; 0,00
419281;14891935000110;ODONTO SEG OPERADORA DE PLANOS ODONTOLOGICOS S.A.;Odontologia de Grupo;SP;3;2025; 0,00
421723;27047334000177;HEALTH-MED SISTEMA DE SAUDE LTDA;Medicina de Grupo;RJ;2;2025; 0,00
421723;27047334000177;HEALTH-MED SISTEMA DE SAUDE LTDA;Medicina de Grupo;RJ;3;2025; 0,00
424129;3284505000113;HOSPITAL MATERNIDADE SÃO VICENTE DE PAULO;Filantropia;CE;2;2025; 0,00
424129;3284505000113;HOSPITAL MATERNIDADE SÃO VICENTE DE PAULO;Filantropia;CE;1;2025; 0,00
413283;3694367000140;AESP ODONTO ASSISTÃNCIA ODONTOLÃGICA S/S LTDA EPP;Odontologia de Grupo;SP;1;2025; 0,00
423262;45568546000181;ALMA ODONTO OPERADORA DE PLANOS ODONTOLOGICOS LTDA;Odontologia de Grupo;SP;1;2025; 0,00
423262;45568546000181;ALMA ODONTO OPERADORA DE PLANOS ODONTOLOGICOS LTDA;Odontologia de Grupo;SP;2;2025; 0,00
424129;3284505000113;HOSPITAL MATERNIDADE SÃO VICENTE DE PAULO;Filantropia;CE;3;2025; 0,00
344800;62511019000150;ALVORECER - ASSOCIAÃÃO DE SOCORROS MÃTUOS;Medicina de Grupo;SP;1;2025; 0,00
344800;62511019000150;ALVORECER - ASSOCIAÃÃO DE SOCORROS MÃTUOS;Medicina de Grupo;SP;2;2025; 0,00
344800;62511019000150;ALVORECER - ASSOCIAÃÃO DE SOCORROS MÃTUOS;Medicina de Grupo;SP;3;2025; 0,00
317896;71499792000139;UNIMED VERTENTE DO CAPARAÃ - COOPERATIVA DE TRABALHO MÃDICO LTDA;Cooperativa MÃ©dica;MG;3;2025; 0,00
373109;826676000139;UNIODONTO DE SERTAOZINHO SP COOPERATIVA ODONTOLOGICA;Cooperativa odontolÃ³gica;SP;2;2025; 0,00
373109;826676000139;UNIODONTO DE SERTAOZINHO SP COOPERATIVA ODONTOLOGICA;Cooperativa odontolÃ³gica;SP;3;2025; 0,00
422134;34608096000197;UNIVIDA USA OPERADORA EM SAUDE S/A;Medicina de Grupo;SP;1;2025; 0,00
423262;45568546000181;ALMA ODONTO OPERADORA DE PLANOS ODONTOLOGICOS LTDA;Odontologia de Grupo;SP;3;2025; 0,00
422134;34608096000197;UNIVIDA USA OPERADORA EM SAUDE S/A;Medicina de Grupo;SP;2;2025; 0,00
422134;34608096000197;UNIVIDA USA OPERADORA EM SAUDE S/A;Medicina de Grupo;SP;3;2025; 0,00
422720;41077489000187;AMPLA PLANOS DE SAUDE LTDA;Medicina de Grupo;RJ;3;2025; 0,00
421731;29174910000172;AMHE MED ASSISTENCIA A SAUDE LTDA - EPP;Medicina de Grupo;SP;3;2025; 0,00
423858;43047552000168;AMPLITUDE PLANOS DE SAUDE LTDA ;Medicina de Grupo;MG;2;2025; 0,00
423858;43047552000168;AMPLITUDE PLANOS DE SAUDE LTDA ;Medicina de Grupo;MG;3;2025; 0,00
423912;53249803000140;ASSISTÃNCIA MÃDICA 12 DE OUTUBRO LTDA;Medicina de Grupo;SP;1;2025; 0,00
423858;43047552000168;AMPLITUDE PLANOS DE SAUDE LTDA ;Medicina de Grupo;MG;1;2025; 0,00
423912;53249803000140;ASSISTÃNCIA MÃDICA 12 DE OUTUBRO LTDA;Medicina de Grupo;SP;2;2025; 0,00
323926;25329079000120;UNIMED SÃO JOÃO DEL REI - COOPERATIVA DE TRABALHO MÃDICO;Cooperativa MÃ©dica;MG;2;2025; 0,00
323926;25329079000120;UNIMED SÃO JOÃO DEL REI - COOPERATIVA DE TRABALHO MÃDICO;Cooperativa MÃ©dica;MG;3;2025; 0,00
359033;42855999000109;UNIMED TRÃS CORAÃÃES COOPERATIVA DE TRABALHO MÃDICO LTDA.;Cooperativa MÃ©dica;MG;3;2025; 0,00
317896;71499792000139;UNIMED VERTENTE DO CAPARAÃ - COOPERATIVA DE TRABALHO MÃDICO LTDA;Cooperativa MÃ©dica;MG;2;2025; 0,00
417424;11158465000191;AFFIX ADMINISTRADORA DE BENEFÃCIOS LTDA;Administradora de BenefÃ­cios;SP;1;2025; 0,00
413283;3694367000140;AESP ODONTO ASSISTÃNCIA ODONTOLÃGICA S/S LTDA EPP;Odontologia de Grupo;SP;3;2025; 0,00
413283;3694367000140;AESP ODONTO ASSISTÃNCIA ODONTOLÃGICA S/S LTDA EPP;Odontologia de Grupo;SP;2;2025; 0,00
370681;80871551000160;UNIMED PATO BRANCO SOCIEDADE COOPERATIVA DE MÃDICOS;Cooperativa MÃ©dica;PR;2;2025; -16,25
357511;361325000108;HUMANA SAÃDE NORDESTE LTDA. ;Medicina de Grupo;PI;3;2025; -144,43
340952;24449225000198;UNIMED CARUARU-COOPERATIVA DE TRABALHO MEDICO;Cooperativa MÃ©dica;PE;2;2025; -236,78
301744;1356020000162;UNIMED MEIO OESTE CATARINENSE COOPERATIVA DE TRABALHO MÃDICO;Cooperativa MÃ©dica;SC;3;2025; -240,00
415774;7844436000106;CABERJ INTEGRAL SAÃDE S.A;Medicina de Grupo;RJ;1;2025; -260,13
305626;22666341000133;PRONTOCLINICA E HOSPITAIS SAO LUCAS S/A;Medicina de Grupo;MG;1;2025; -345,13
417491;11565995000154;PORTOMED - PORTO SEGURO SERVIÃOS DE SAUDE LTDA;Medicina de Grupo;SP;1;2025; -381,19
354295;85283299000191;UNIMED CHAPECÃ - COOPERATIVA DE TRABALHO MÃDICO DA REGIÃO OESTE CATARINENSE;Cooperativa MÃ©dica;SC;3;2025; -750,00
417548;3033006000153;CAIXA DE ASSISTÃNCIA OSWALDO CRUZ;AutogestÃ£o;RJ;2;2025; -1.000,33
343684;88732318000108;UNIMED ALTO DA SERRA - SOCIEDADE COOPERATIVA DE SERVIÃO MÃDICO LTDA.;Cooperativa MÃ©dica;RS;2;2025; -1.090,88
336858;81710543000102;UNIMED FRANCISCO BELTRAO COOPERATIVA DE TRABALHO MEDICO;Cooperativa MÃ©dica;PR;1;2025; -1.908,93
305626;22666341000133;PRONTOCLINICA E HOSPITAIS SAO LUCAS S/A;Medicina de Grupo;MG;3;2025; -2.000,00
353060;38499547000156;UNIMED PATOS DE MINAS COOPERATIVA TRABALHO MÃDICO LTDA.;Cooperativa MÃ©dica;MG;1;2025; -2.081,00
379280;846662000187;LIV LINHAS INTELIGENTES DE ATENÃÃO Ã VIDA S/A;Medicina de Grupo;SP;3;2025; -2.143,65
379280;846662000187;LIV LINHAS INTELIGENTES DE ATENÃÃO Ã VIDA S/A;Medicina de Grupo;SP;2;2025; -2.194,66
327468;66916305000156;UNIMED SUDOESTE PAULISTA COOPERATIVA DE TRABALHO MÃDICO;Cooperativa MÃ©dica;SP;2;2025; -2.344,60
324566;1193663000132;UNIMED DE CATALÃO COOPERATIVA DE TRABALHO MÃDICO;Cooperativa MÃ©dica;GO;1;2025; -2.369,43
393321;42163881000101;UNIMED-RIO COOPERATIVA DE TRABALHO MEDICO DO RIO DE JANEIRO;Cooperativa MÃ©dica;RJ;2;2025; -2.397,51
414387;3187913000157;ODONTOART PLANOS ODONTOLÃGICOS LTDA;Odontologia de Grupo;CE;2;2025; -2.425,00
320251;37275625000176;UNIMED RIO VERDE COOPERATIVA TRABALHO MEDICO;Cooperativa MÃ©dica;GO;3;2025; -2.675,01
320862;81076069000109;UNIMED DE PARANAVAÃ COOPERATIVA DE TRABALHO MÃDICO;Cooperativa MÃ©dica;PR;1;2025; -2.816,80
315729;44803922000102;UNIMED DE PIRACICABA SOCIEDADE COOPERATIVA DE SERVIÃOS MÃDICOS;Cooperativa MÃ©dica;SP;2;2025; -3.036,00
315729;44803922000102;UNIMED DE PIRACICABA SOCIEDADE COOPERATIVA DE SERVIÃOS MÃDICOS;Cooperativa MÃ©dica;SP;1;2025; -3.036,00
312363;31432792000105;UNIMED DO EST. DO RJ FEDERAÃÃO EST. DAS COOPERATIVAS MÃDICAS;Cooperativa MÃ©dica;RJ;3;2025; -3.060,01
320251;37275625000176;UNIMED RIO VERDE COOPERATIVA TRABALHO MEDICO;Cooperativa MÃ©dica;GO;1;2025; -3.316,67
419699;20918393000124;OPERADORA DE PLANOS PRIVADOS DE SAÃDE - SANTA CASA SAÃDE LTDA;Medicina de Grupo;MS;1;2025; -3.333,33
354996;42946061000196;UNIMED ALFENAS COOPERATIVA DE TRABALHO MEDICO;Cooperativa MÃ©dica;MG;2;2025; -3.517,82
319708;87497368000195;UNIMED SANTA MARIA/RS - COOPERATIVA DE ASSISTÃNCIA Ã SAÃDE LTDA;Cooperativa MÃ©dica;RS;1;2025; -3.582,32
353698;532888000103;UNIMED REGIÃO DA PRODUÃÃO/RS - COOPERATIVA DE ASSISTÃNCIA Ã SAÃDE LTDA;Cooperativa MÃ©dica;RS;1;2025; -3.621,00
320251;37275625000176;UNIMED RIO VERDE COOPERATIVA TRABALHO MEDICO;Cooperativa MÃ©dica;GO;2;2025; -3.852,99
371254;76767219000182;UNIMED REGIONAL MARINGÃ COOP.DE TRABALHO MÃDICO;Cooperativa MÃ©dica;PR;1;2025; -3.924,64
367087;87158507000156;COOPERATIVA CENTRAL UNIMED DE COOPERATIVAS DE ASSISTÃNCIA Ã SAÃDE DO RIO GRANDE DO SUL LTDA.;Cooperativa MÃ©dica;RS;3;2025; -4.111,88
329665;580481000151;FUNDACAO CAPITAL PREVIDENCIA E SAUDE - CAPITAL PREV;AutogestÃ£o;ES;3;2025; -4.400,88
359777;24676884000167;UNIMED RONDONOPOLIS COOPERATIVA DE TRABALHO MÃDICO LTDA;Cooperativa MÃ©dica;MT;1;2025; -4.472,24
304344;42940528000190;UNIMED PARÃ DE MINAS COOPERATIVA DE TRABALHO MÃDICO LTDA.;Cooperativa MÃ©dica;MG;2;2025; -5.438,15
327468;66916305000156;UNIMED SUDOESTE PAULISTA COOPERATIVA DE TRABALHO MÃDICO;Cooperativa MÃ©dica;SP;1;2025; -5.519,69
340952;24449225000198;UNIMED CARUARU-COOPERATIVA DE TRABALHO MEDICO;Cooperativa MÃ©dica;PE;1;2025; -5.700,00
349712;77781706000162;UNIMED PONTA GROSSA COOPERATIVA DE TRABALHO MEDICO;Cooperativa MÃ©dica;PR;1;2025; -5.726,91
349712;77781706000162;UNIMED PONTA GROSSA COOPERATIVA DE TRABALHO MEDICO;Cooperativa MÃ©dica;PR;2;2025; -5.776,97
422959;41929347000109;PRESERVE SAUDE ASSISTENCIA MEDICA LTDA;Medicina de Grupo;BA;2;2025; -5.953,50
303356;85377174000120;UNIMED LITORAL COOPERATIVA DE TRABALHO MÃDICO LTDA;Cooperativa MÃ©dica;SC;3;2025; -5.965,56
327557;83937631000169;CAIXA ASSISTENCIAL E BENEFICENTE DOS FUNCIONÃRIOS DA ACARESC;AutogestÃ£o;SC;1;2025; -6.083,98
347736;26368613000170;UNIMED CARATINGA - COOPERATIVA DE TRABALHO MÃDICO LTDA;Cooperativa MÃ©dica;MG;2;2025; -6.156,57
353027;57149775000140;UNIMED SUL PAULISTA - COOPERATIVA DE TRABALHO MÃDICO;Cooperativa MÃ©dica;SP;1;2025; -6.500,00
353027;57149775000140;UNIMED SUL PAULISTA - COOPERATIVA DE TRABALHO MÃDICO;Cooperativa MÃ©dica;SP;2;2025; -6.500,00
349712;77781706000162;UNIMED PONTA GROSSA COOPERATIVA DE TRABALHO MEDICO;Cooperativa MÃ©dica;PR;3;2025; -6.585,01
417491;11565995000154;PORTOMED - PORTO SEGURO SERVIÃOS DE SAUDE LTDA;Medicina de Grupo;SP;2;2025; -6.734,38
319708;87497368000195;UNIMED SANTA MARIA/RS - COOPERATIVA DE ASSISTÃNCIA Ã SAÃDE LTDA;Cooperativa MÃ©dica;RS;3;2025; -6.870,96
309907;37313475000148;UNIMED PALMAS COOPERATIVA DE TRABALHO MÃDICO;Cooperativa MÃ©dica;TO;1;2025; -7.400,00
304395;22720791000167;UNIMED INCONFIDENTES COOPERATIVA DE TRABALHO MÃDICO LTDA.;Cooperativa MÃ©dica;MG;3;2025; -7.436,96
319708;87497368000195;UNIMED SANTA MARIA/RS - COOPERATIVA DE ASSISTÃNCIA Ã SAÃDE LTDA;Cooperativa MÃ©dica;RS;2;2025; -7.572,26
306398;87300448000109;UNIMED - COOPERATIVA DE SERVIÃOS DE SAÃDE DOS VALES DO TAQUARI E RIO PARDO LTDA.;Cooperativa MÃ©dica;RS;2;2025; -7.631,22
340782;76882612000117;CLINIPAM CLINICA PARANAENSE DE ASSISTENCIA MEDICA LTDA;Medicina de Grupo;CE;3;2025; -8.220,00
353027;57149775000140;UNIMED SUL PAULISTA - COOPERATIVA DE TRABALHO MÃDICO;Cooperativa MÃ©dica;SP;3;2025; -8.391,37
515;4439627000102;ALLIANZ SAÃDE S/A;Seguradora Especializada em SaÃºde;SP;2;2025; -8.574,56
340952;24449225000198;UNIMED CARUARU-COOPERATIVA DE TRABALHO MEDICO;Cooperativa MÃ©dica;PE;3;2025; -8.980,00
311359;304148000110;FUNDAÃÃO DE SAÃDE ITAIGUAPY;Medicina de Grupo;PR;2;2025; -8.980,52
370070;81170003000175;UNIMED DE CASCAVEL COOPERATIVA DE TRABALHO MÃDICO;Cooperativa MÃ©dica;PR;3;2025; -9.061,57
315729;44803922000102;UNIMED DE PIRACICABA SOCIEDADE COOPERATIVA DE SERVIÃOS MÃDICOS;Cooperativa MÃ©dica;SP;3;2025; -9.108,00
371106;78931391000155;UNIMED COSTA OESTE - COOPERATIVA DE TRABALHO MÃDICO;Cooperativa MÃ©dica;PR;2;2025; -9.424,77
317233;42160192000143;FUNDAÃÃO CHESF DE ASSISTÃNCIA E SEGURIDADE SOCIAL;AutogestÃ£o;PE;2;2025; -9.627,45
315648;64327059000171;UNIMED CATAGUASES COOPERATIVA DE TRABALHO MÃDICO LTDA;Cooperativa MÃ©dica;MG;3;2025; -10.000,00
315648;64327059000171;UNIMED CATAGUASES COOPERATIVA DE TRABALHO MÃDICO LTDA;Cooperativa MÃ©dica;MG;1;2025; -10.000,00
336858;81710543000102;UNIMED FRANCISCO BELTRAO COOPERATIVA DE TRABALHO MEDICO;Cooperativa MÃ©dica;PR;3;2025; -10.157,83
300713;54991211000162;UNIMED DE ASSIS COOPERATIVA DE TRABALHO MÃDICO;Cooperativa MÃ©dica;SP;1;2025; -10.216,09
402206;2220135000198;ASSOCIAÃÃO GOIANA DO MINISTÃRIO PÃBLICO;AutogestÃ£o;GO;1;2025; -10.627,15
371254;76767219000182;UNIMED REGIONAL MARINGÃ COOP.DE TRABALHO MÃDICO;Cooperativa MÃ©dica;PR;3;2025; -10.766,87
422339;36503186000149;LEVE SAUDE OPERADORA DE PLANOS DE SAUDE S.A;Medicina de Grupo;RJ;2;2025; -10.969,81
371106;78931391000155;UNIMED COSTA OESTE - COOPERATIVA DE TRABALHO MÃDICO;Cooperativa MÃ©dica;PR;1;2025; -11.165,55
371106;78931391000155;UNIMED COSTA OESTE - COOPERATIVA DE TRABALHO MÃDICO;Cooperativa MÃ©dica;PR;3;2025; -11.623,95
301744;1356020000162;UNIMED MEIO OESTE CATARINENSE COOPERATIVA DE TRABALHO MÃDICO;Cooperativa MÃ©dica;SC;1;2025; -12.000,00
320862;81076069000109;UNIMED DE PARANAVAÃ COOPERATIVA DE TRABALHO MÃDICO;Cooperativa MÃ©dica;PR;3;2025; -12.120,37
370681;80871551000160;UNIMED PATO BRANCO SOCIEDADE COOPERATIVA DE MÃDICOS;Cooperativa MÃ©dica;PR;1;2025; -12.201,56
359777;24676884000167;UNIMED RONDONOPOLIS COOPERATIVA DE TRABALHO MÃDICO LTDA;Cooperativa MÃ©dica;MT;3;2025; -12.363,40
331872;60214517000105;UNIMED SAO JOSE DOS CAMPOS - COOPERATIVA DE TRABALHO MEDICO;Cooperativa MÃ©dica;SP;2;2025; -12.546,00
306398;87300448000109;UNIMED - COOPERATIVA DE SERVIÃOS DE SAÃDE DOS VALES DO TAQUARI E RIO PARDO LTDA.;Cooperativa MÃ©dica;RS;3;2025; -12.728,88
354996;42946061000196;UNIMED ALFENAS COOPERATIVA DE TRABALHO MEDICO;Cooperativa MÃ©dica;MG;3;2025; -12.857,58
302147;461479000163;PREVENT SENIOR PRIVATE OPERADORA DE SAÃDE LTDA;Medicina de Grupo;SP;1;2025; -12.989,43
401081;68668045000172;AMESC - ASSOCIAÃÃO MÃDICA ESPÃRITA CRISTÃ;Medicina de Grupo;RJ;3;2025; -12.998,63
365530;56762172000157;UNIMED DE TUPA COOPERATIVA DE TRABALHO MÃDICO;Cooperativa MÃ©dica;SP;1;2025; -13.706,75
330108;26189530000113;UNIMED CURVELO COOPERATIVA DE TRABALHO MÃDICO LTDA.;Cooperativa MÃ©dica;MG;1;2025; -13.742,53
345709;21839519000138;UNIMED CONSELHEIRO LAFAIETE COOPERATIVA DE TRABALHO MÃDICO LTDA;Cooperativa MÃ©dica;MG;2;2025; -14.000,00
371254;76767219000182;UNIMED REGIONAL MARINGÃ COOP.DE TRABALHO MÃDICO;Cooperativa MÃ©dica;PR;2;2025; -14.191,40
358282;80297161000128;UNIMED NORTE DO PARANÃ COOPERATIVA REGIONAL DE TRABALHO MÃDICO;Cooperativa MÃ©dica;PR;1;2025; -14.791,50
353876;730439000170;UNIMED PONTAL DO TRIÃNGULO - COOPERATIVA DE TRABALHO MÃDICO;Cooperativa MÃ©dica;MG;2;2025; -15.000,00
340782;76882612000117;CLINIPAM CLINICA PARANAENSE DE ASSISTENCIA MEDICA LTDA;Medicina de Grupo;CE;1;2025; -15.006,04
302147;461479000163;PREVENT SENIOR PRIVATE OPERADORA DE SAÃDE LTDA;Medicina de Grupo;SP;2;2025; -15.290,99
331317;34269803000168;REAL GRANDEZA - FUNDAÃÃO DE PREVIDÃNCIA E ASSISTÃNCIA SOCIAL;AutogestÃ£o;RJ;3;2025; -15.849,33
354783;45309606000141;UNIMED FRANCA - SOCIEDADE COOPERATIVA DE SERVIÃOS MÃDICOS E HOSPITALARES;Cooperativa MÃ©dica;SP;2;2025; -16.250,04
306126;44663631000166;UNIMED DE RIO CLARO SP COOPERATIVA DE TRABALHO MEDICO;Cooperativa MÃ©dica;SP;1;2025; -16.514,86
302147;461479000163;PREVENT SENIOR PRIVATE OPERADORA DE SAÃDE LTDA;Medicina de Grupo;SP;3;2025; -16.517,79
418072;13223975000120;CAIXA SEGURADORA ESPECIALIZADA EM SAÃDE S/A;Seguradora Especializada em SaÃºde;SP;3;2025; -16.644,33
392804;773639000100;CENTRO CLÃNICO GAÃCHO LTDA;Medicina de Grupo;CE;3;2025; -17.000,00
303844;2687852000124;UNIMED DE ANDRADINA - COOPERATIVA DE TRABALHO MÃDICO;Cooperativa MÃ©dica;SP;2;2025; -17.411,04
323926;25329079000120;UNIMED SÃO JOÃO DEL REI - COOPERATIVA DE TRABALHO MÃDICO;Cooperativa MÃ©dica;MG;1;2025; -18.163,85
327557;83937631000169;CAIXA ASSISTENCIAL E BENEFICENTE DOS FUNCIONÃRIOS DA ACARESC;AutogestÃ£o;SC;3;2025; -18.180,28
347825;1052203000194;CAIXA ASSISTENCIAL UNIVERSITARIA DO RIO DE JANEIRO;AutogestÃ£o;RJ;1;2025; -18.221,40
354783;45309606000141;UNIMED FRANCA - SOCIEDADE COOPERATIVA DE SERVIÃOS MÃDICOS E HOSPITALARES;Cooperativa MÃ©dica;SP;3;2025; -18.584,93
357391;27578434000120;UNIMED VITORIA COOPERATIVA DE TRABALHO MEDICO;Cooperativa MÃ©dica;ES;1;2025; -18.680,88
355151;75054940000162;FUNDAÃÃO COPEL DE PREVIDÃNCIA E ASSISTÃNCIA SOCIAL;AutogestÃ£o;PR;2;2025; -19.500,00
401081;68668045000172;AMESC - ASSOCIAÃÃO MÃDICA ESPÃRITA CRISTÃ;Medicina de Grupo;RJ;2;2025; -19.800,00
304131;2030246000131;ASSOCIAÃÃO BENEFICENTE DE ASSISTÃNCIA A SAÃDE DOS JUÃZES DO TRABALHO DA 15Âª REGIÃO (ABAS 15);AutogestÃ£o;SP;3;2025; -20.000,00
413518;4197511000104;CAIXA DE ASSISTÃNCIA DO SINDFISCO - CASSIND;AutogestÃ£o;SE;2;2025; -20.191,20
370681;80871551000160;UNIMED PATO BRANCO SOCIEDADE COOPERATIVA DE MÃDICOS;Cooperativa MÃ©dica;PR;3;2025; -20.217,16
306126;44663631000166;UNIMED DE RIO CLARO SP COOPERATIVA DE TRABALHO MEDICO;Cooperativa MÃ©dica;SP;3;2025; -20.364,56
355721;58229691000180;UNIMED DE SANTOS COOP DE TRAB MEDICO;Cooperativa MÃ©dica;SP;1;2025; -20.680,81
306398;87300448000109;UNIMED - COOPERATIVA DE SERVIÃOS DE SAÃDE DOS VALES DO TAQUARI E RIO PARDO LTDA.;Cooperativa MÃ©dica;RS;1;2025; -20.751,46
369411;51093193000103;UNIMED DE ARACATUBA - COOPERATIVA DE TRABALHO MÃDICO;Cooperativa MÃ©dica;SP;3;2025; -20.791,63
369411;51093193000103;UNIMED DE ARACATUBA - COOPERATIVA DE TRABALHO MÃDICO;Cooperativa MÃ©dica;SP;2;2025; -20.800,08
304344;42940528000190;UNIMED PARÃ DE MINAS COOPERATIVA DE TRABALHO MÃDICO LTDA.;Cooperativa MÃ©dica;MG;1;2025; -20.980,68
367613;42939207000176;UNIMED CAMPO BELO- COOPERATIVA DE TRABALHO MÃDICO;Cooperativa MÃ©dica;MG;3;2025; -22.035,00
354325;20909271000171;UNIMED ARAGUARI COOPERATIVA DE TRABALHO MÃDICO ;Cooperativa MÃ©dica;MG;2;2025; -23.736,12
418587;15131148000132;AMHA SAUDE S/A;Medicina de Grupo;SP;1;2025; -23.913,20
304468;37436920000167;UNIMED BARRA DO GARÃAS - COOPERATIVA DE TRABALHO MÃDICO;Cooperativa MÃ©dica;MT;3;2025; -23.946,09
306126;44663631000166;UNIMED DE RIO CLARO SP COOPERATIVA DE TRABALHO MEDICO;Cooperativa MÃ©dica;SP;2;2025; -24.237,95
315567;660903000107;FUNDAÃÃO AFFEMG DE ASSISTÃNCIA E SAÃDE - FUNDAFFEMG;AutogestÃ£o;MG;3;2025; -24.730,32
327557;83937631000169;CAIXA ASSISTENCIAL E BENEFICENTE DOS FUNCIONÃRIOS DA ACARESC;AutogestÃ£o;SC;2;2025; -25.140,00
348261;42889436000123;UNIMED ALTO SÃO FRANCISCO COOPERATIVA DE TRABALHO MÃDICO;Cooperativa MÃ©dica;MG;2;2025; -25.151,72
352543;7057185000110;UNIMED MARANHÃO DO SUL - COOPERATIVA DE TRABALHO MÃDICO;Cooperativa MÃ©dica;MA;2;2025; -26.359,98
415774;7844436000106;CABERJ INTEGRAL SAÃDE S.A;Medicina de Grupo;RJ;3;2025; -26.375,00
417548;3033006000153;CAIXA DE ASSISTÃNCIA OSWALDO CRUZ;AutogestÃ£o;RJ;1;2025; -27.393,43
318035;26291484000169;UNIMED GUAXUPÃ COOPERATIVA DE TRABALHO MEDICO;Cooperativa MÃ©dica;MG;3;2025; -27.555,10
311715;73936395000102;UNIMED ENCOSTA DA SERRA/RS SOCIEDADE COOPERATIVA DE SERVIÃOS DE SAÃDE LTDA.;Cooperativa MÃ©dica;RS;3;2025; -27.827,91
354325;20909271000171;UNIMED ARAGUARI COOPERATIVA DE TRABALHO MÃDICO ;Cooperativa MÃ©dica;MG;1;2025; -27.861,50
354295;85283299000191;UNIMED CHAPECÃ - COOPERATIVA DE TRABALHO MÃDICO DA REGIÃO OESTE CATARINENSE;Cooperativa MÃ©dica;SC;2;2025; -28.153,66
315567;660903000107;FUNDAÃÃO AFFEMG DE ASSISTÃNCIA E SAÃDE - FUNDAFFEMG;AutogestÃ£o;MG;2;2025; -28.195,92
350249;2668512000156;H.B. SAÃDE S/A.;Medicina de Grupo;SP;3;2025; -29.207,12
302953;35830868000101;UNIMED DE MACAÃ COOPERATIVA DE ASSISTÃNCIA Ã SAÃDE;Cooperativa MÃ©dica;RJ;1;2025; -30.358,05
701;4487255000181;UNIMED SEGUROS SAÃDE S/A;Seguradora Especializada em SaÃºde;SP;1;2025; -31.213,55
417815;11973134000105;SUL AMÃRICA ODONTOLÃGICO S/A;Odontologia de Grupo;SP;2;2025; -31.317,54
402966;3123146000112;BIO SAÃDE SERVIÃOS MÃDICOS LTDA;Medicina de Grupo;SP;2;2025; -31.320,00
355721;58229691000180;UNIMED DE SANTOS COOP DE TRAB MEDICO;Cooperativa MÃ©dica;SP;3;2025; -31.391,10
352179;87689527000153;UNIMED FRONTEIRA NOROESTE/RS - COOPERATIVA DE ASSISTÃNCIA Ã SAÃDE LTDA.;Cooperativa MÃ©dica;RS;2;2025; -31.725,98
343064;45572583000163;GARANTIA DE SAÃDE LTDA;Medicina de Grupo;SP;3;2025; -31.823,95
329886;72783970000111;UNIMED DE JABOTICABAL COOP. DE TRABALHO MÃDICO;Cooperativa MÃ©dica;SP;1;2025; -32.397,97
312851;3315918000118;UNIMED CAMPO GRANDE MS COOPERATIVA DE TRABALHO MÃDICO;Cooperativa MÃ©dica;MS;3;2025; -32.411,42
367087;87158507000156;COOPERATIVA CENTRAL UNIMED DE COOPERATIVAS DE ASSISTÃNCIA Ã SAÃDE DO RIO GRANDE DO SUL LTDA.;Cooperativa MÃ©dica;RS;2;2025; -32.948,26
354325;20909271000171;UNIMED ARAGUARI COOPERATIVA DE TRABALHO MÃDICO ;Cooperativa MÃ©dica;MG;3;2025; -33.697,25
311847;49210966000142;UNIMED REGIONAL DA BAIXA MOGIANA - COOPERATIVA DE TRABALHO MÃDICO;Cooperativa MÃ©dica;SP;1;2025; -34.093,00
300713;54991211000162;UNIMED DE ASSIS COOPERATIVA DE TRABALHO MÃDICO;Cooperativa MÃ©dica;SP;3;2025; -34.446,23
419486;17897995000138;PLADISA PLANOS DE SAÃDE SA;Medicina de Grupo;SC;1;2025; -34.478,69
415693;4202013000102;POLICLIN SAÃDE S/A.;Medicina de Grupo;SP;3;2025; -34.666,20
348261;42889436000123;UNIMED ALTO SÃO FRANCISCO COOPERATIVA DE TRABALHO MÃDICO;Cooperativa MÃ©dica;MG;3;2025; -34.913,60
337668;13360276000122;UNIMED SERGIPE - COOPERATIVA DE TRABALHO MÃDICO;Cooperativa MÃ©dica;SE;1;2025; -35.362,91
342084;3533726000188;UNIMED CUIABA COOPERATIVA DE TRABALHO MÃDICO;Cooperativa MÃ©dica;MT;1;2025; -36.559,86
372561;381694000154;UNIMED ALTO VALE - COOPERATIVA DE TRABALHO MÃDICO;Cooperativa MÃ©dica;SC;2;2025; -36.611,30
314242;840048000108;UNIMED DE PIRASSUNUNGA COOPERATIVA DE TRABALHO MÃDICO;Cooperativa MÃ©dica;SP;3;2025; -36.823,14
417815;11973134000105;SUL AMÃRICA ODONTOLÃGICO S/A;Odontologia de Grupo;SP;3;2025; -37.464,51
337668;13360276000122;UNIMED SERGIPE - COOPERATIVA DE TRABALHO MÃDICO;Cooperativa MÃ©dica;SE;2;2025; -38.236,85
314242;840048000108;UNIMED DE PIRASSUNUNGA COOPERATIVA DE TRABALHO MÃDICO;Cooperativa MÃ©dica;SP;2;2025; -38.961,61
414310;4859814000137;SAÃDE BRB - CAIXA DE ASSISTÃNCIA ;AutogestÃ£o;DF;2;2025; -38.961,75
302953;35830868000101;UNIMED DE MACAÃ COOPERATIVA DE ASSISTÃNCIA Ã SAÃDE;Cooperativa MÃ©dica;RJ;3;2025; -39.116,17
418587;15131148000132;AMHA SAUDE S/A;Medicina de Grupo;SP;2;2025; -39.436,65
314251;2172353000102;CAIXA ASSISTENCIAL UNIVERSITÃRIA DO RIO GRANDE DO NORTE;AutogestÃ£o;RN;3;2025; -39.726,40
422339;36503186000149;LEVE SAUDE OPERADORA DE PLANOS DE SAUDE S.A;Medicina de Grupo;RJ;1;2025; -40.824,76
305227;78420783000150;UNIMED OESTE DO PARANA - COOPERATIVA DE TRABALHO MEDICO;Cooperativa MÃ©dica;PR;1;2025; -40.902,44
336831;79115762000193;IRMANDADE SANTA CASA DE MISERICÃRDIA DE MARINGÃ;Filantropia;PR;3;2025; -41.036,98
317233;42160192000143;FUNDAÃÃO CHESF DE ASSISTÃNCIA E SEGURIDADE SOCIAL;AutogestÃ£o;PE;1;2025; -41.552,52
323357;27626696000112;UNIMED CABO FRIO COOPERATIVA TRABALHO MÃDICO LTDA.;Cooperativa MÃ©dica;RJ;1;2025; -41.701,75
337668;13360276000122;UNIMED SERGIPE - COOPERATIVA DE TRABALHO MÃDICO;Cooperativa MÃ©dica;SE;3;2025; -42.277,27
305626;22666341000133;PRONTOCLINICA E HOSPITAIS SAO LUCAS S/A;Medicina de Grupo;MG;2;2025; -42.556,65
320862;81076069000109;UNIMED DE PARANAVAÃ COOPERATIVA DE TRABALHO MÃDICO;Cooperativa MÃ©dica;PR;2;2025; -43.563,09
372561;381694000154;UNIMED ALTO VALE - COOPERATIVA DE TRABALHO MÃDICO;Cooperativa MÃ©dica;SC;1;2025; -44.056,24
305227;78420783000150;UNIMED OESTE DO PARANA - COOPERATIVA DE TRABALHO MEDICO;Cooperativa MÃ©dica;PR;3;2025; -44.469,34
304468;37436920000167;UNIMED BARRA DO GARÃAS - COOPERATIVA DE TRABALHO MÃDICO;Cooperativa MÃ©dica;MT;1;2025; -45.029,70
415693;4202013000102;POLICLIN SAÃDE S/A.;Medicina de Grupo;SP;2;2025; -46.832,43
337374;5657234000120;UNIMED PORTO VELHO - SOCIEDADE COOPERATIVA MÃDICA LTDA;Cooperativa MÃ©dica;RO;3;2025; -47.736,47
380661;44857357000166;METRUS INSTITUTO DE SEGURIDADE SOCIAL;AutogestÃ£o;SP;3;2025; -48.827,40
372561;381694000154;UNIMED ALTO VALE - COOPERATIVA DE TRABALHO MÃDICO;Cooperativa MÃ©dica;SC;3;2025; -48.975,24
342386;3980208000102;UNIMED REGIONAL DE TRES LAGOAS COOPERATIVA DE TRABALHO MÃDICO;Cooperativa MÃ©dica;MS;2;2025; -49.986,16
352179;87689527000153;UNIMED FRONTEIRA NOROESTE/RS - COOPERATIVA DE ASSISTÃNCIA Ã SAÃDE LTDA.;Cooperativa MÃ©dica;RS;1;2025; -50.010,14
348520;62550256000120;NOTRE DAME INTERMÃDICA MINAS GERAIS SAÃDE S.A.;Medicina de Grupo;CE;3;2025; -50.044,03
304344;42940528000190;UNIMED PARÃ DE MINAS COOPERATIVA DE TRABALHO MÃDICO LTDA.;Cooperativa MÃ©dica;MG;3;2025; -50.274,61
352179;87689527000153;UNIMED FRONTEIRA NOROESTE/RS - COOPERATIVA DE ASSISTÃNCIA Ã SAÃDE LTDA.;Cooperativa MÃ©dica;RS;3;2025; -50.467,42
356417;88258884000120;UNIMED VALE DO SINOS - COOPERATIVA DE ASSISTÃNCIA Ã SAÃDE LTDA;Cooperativa MÃ©dica;RS;1;2025; -50.516,42
414310;4859814000137;SAÃDE BRB - CAIXA DE ASSISTÃNCIA ;AutogestÃ£o;DF;3;2025; -51.333,36
325571;87827689000100;UNIMED SERRA GAUCHA/RS COOPERATIVA DE ASSISTENCIA A SAUDE LTDA;Cooperativa MÃ©dica;RS;1;2025; -52.201,97
300713;54991211000162;UNIMED DE ASSIS COOPERATIVA DE TRABALHO MÃDICO;Cooperativa MÃ©dica;SP;2;2025; -53.279,40
418072;13223975000120;CAIXA SEGURADORA ESPECIALIZADA EM SAÃDE S/A;Seguradora Especializada em SaÃºde;SP;2;2025; -53.390,71
361461;37880952000157;VIVACOM PLANOS DE SAÃDE;AutogestÃ£o;GO;2;2025; -54.068,52
361461;37880952000157;VIVACOM PLANOS DE SAÃDE;AutogestÃ£o;GO;3;2025; -54.092,80
358053;37035441000139;SELECT OPERADORA DE PLANO DE SAUDE LTDA;Medicina de Grupo;GO;3;2025; -55.750,93
361461;37880952000157;VIVACOM PLANOS DE SAÃDE;AutogestÃ£o;GO;1;2025; -56.812,85
369411;51093193000103;UNIMED DE ARACATUBA - COOPERATIVA DE TRABALHO MÃDICO;Cooperativa MÃ©dica;SP;1;2025; -56.847,37
333689;57746455000178;MEDISERVICE OPERADORA DE PLANOS DE SAÃDE S.A.;Medicina de Grupo;SP;1;2025; -56.899,24
352683;40294225000112;UNIMED DE CAMPOS COOPERATIVA DE TRABALHO MÃDICO;Cooperativa MÃ©dica;RJ;3;2025; -59.441,33
364860;85241339000132;UNIMED DE TUBARAO - COOPERATIVA DE TRABALHO MEDICO DA REGIAO DA AMUREL;Cooperativa MÃ©dica;SC;1;2025; -59.575,11
354783;45309606000141;UNIMED FRANCA - SOCIEDADE COOPERATIVA DE SERVIÃOS MÃDICOS E HOSPITALARES;Cooperativa MÃ©dica;SP;1;2025; -60.060,03
302953;35830868000101;UNIMED DE MACAÃ COOPERATIVA DE ASSISTÃNCIA Ã SAÃDE;Cooperativa MÃ©dica;RJ;2;2025; -60.074,80
303356;85377174000120;UNIMED LITORAL COOPERATIVA DE TRABALHO MÃDICO LTDA;Cooperativa MÃ©dica;SC;1;2025; -60.101,80
353698;532888000103;UNIMED REGIÃO DA PRODUÃÃO/RS - COOPERATIVA DE ASSISTÃNCIA Ã SAÃDE LTDA;Cooperativa MÃ©dica;RS;3;2025; -60.415,61
419486;17897995000138;PLADISA PLANOS DE SAÃDE SA;Medicina de Grupo;SC;2;2025; -60.988,76
364860;85241339000132;UNIMED DE TUBARAO - COOPERATIVA DE TRABALHO MEDICO DA REGIAO DA AMUREL;Cooperativa MÃ©dica;SC;2;2025; -61.387,56
315567;660903000107;FUNDAÃÃO AFFEMG DE ASSISTÃNCIA E SAÃDE - FUNDAFFEMG;AutogestÃ£o;MG;1;2025; -61.482,80
417815;11973134000105;SUL AMÃRICA ODONTOLÃGICO S/A;Odontologia de Grupo;SP;1;2025; -61.587,10
330108;26189530000113;UNIMED CURVELO COOPERATIVA DE TRABALHO MÃDICO LTDA.;Cooperativa MÃ©dica;MG;3;2025; -63.127,20
420000;15713057000105;ASSOCIAÃÃO DO PLANO DE SAÃDE DA SANTA CASA DE MISERICÃRDIA DE ITABUNA - PLANSUL;Medicina de Grupo;BA;1;2025; -63.344,02
307751;12585261000108;FUNDAÃAO COMPESA DE PREVIDENCIA E ASSISTENCIA - COMPESAPREV;AutogestÃ£o;PE;2;2025; -63.528,87
304395;22720791000167;UNIMED INCONFIDENTES COOPERATIVA DE TRABALHO MÃDICO LTDA.;Cooperativa MÃ©dica;MG;1;2025; -63.663,95
304701;75055772000120;UNIMED CURITIBA - SOCIEDADE COOPERATIVA DE MÃDICOS;Cooperativa MÃ©dica;PR;1;2025; -64.444,52
312720;78339439000130;UNIMED DO ESTADO DO PARANÃ FEDERAÃÃO ESTADUAL DAS COOPERATIVAS MÃDICAS;Cooperativa MÃ©dica;PR;1;2025; -66.482,58
418072;13223975000120;CAIXA SEGURADORA ESPECIALIZADA EM SAÃDE S/A;Seguradora Especializada em SaÃºde;SP;1;2025; -69.190,44
418803;16665579000141;ASSOCIAÃÃO SANTA CASA SAÃDE DE ARAÃATUBA;Medicina de Grupo;SP;3;2025; -69.219,02
378216;20119509000165;FUNDAÃÃO LIBERTAS DE SEGURIDADE SOCIAL;AutogestÃ£o;MG;1;2025; -72.733,78
331317;34269803000168;REAL GRANDEZA - FUNDAÃÃO DE PREVIDÃNCIA E ASSISTÃNCIA SOCIAL;AutogestÃ£o;RJ;2;2025; -73.613,98
301574;50480953000172;UNIMED DE LIMEIRA COOPERATIVA DE TRABALHO MÃDICO;Cooperativa MÃ©dica;SP;3;2025; -74.775,31
304131;2030246000131;ASSOCIAÃÃO BENEFICENTE DE ASSISTÃNCIA A SAÃDE DOS JUÃZES DO TRABALHO DA 15Âª REGIÃO (ABAS 15);AutogestÃ£o;SP;2;2025; -75.023,35
312720;78339439000130;UNIMED DO ESTADO DO PARANÃ FEDERAÃÃO ESTADUAL DAS COOPERATIVAS MÃDICAS;Cooperativa MÃ©dica;PR;2;2025; -75.171,26
324159;57214900000159;UNIMED ALTA MOGIANA COOPERATIVA DE TRABALHO MÃDICO;Cooperativa MÃ©dica;SP;3;2025; -75.251,88
325571;87827689000100;UNIMED SERRA GAUCHA/RS COOPERATIVA DE ASSISTENCIA A SAUDE LTDA;Cooperativa MÃ©dica;RS;2;2025; -77.232,01
366561;2849393000138;BENSAUDE PLANO DE ASSISTENCIA MEDICA HOSPITALAR LTDA.;Medicina de Grupo;SP;1;2025; -77.376,29
418803;16665579000141;ASSOCIAÃÃO SANTA CASA SAÃDE DE ARAÃATUBA;Medicina de Grupo;SP;2;2025; -77.752,08
312851;3315918000118;UNIMED CAMPO GRANDE MS COOPERATIVA DE TRABALHO MÃDICO;Cooperativa MÃ©dica;MS;2;2025; -79.225,00
359777;24676884000167;UNIMED RONDONOPOLIS COOPERATIVA DE TRABALHO MÃDICO LTDA;Cooperativa MÃ©dica;MT;2;2025; -79.241,82
418803;16665579000141;ASSOCIAÃÃO SANTA CASA SAÃDE DE ARAÃATUBA;Medicina de Grupo;SP;1;2025; -79.392,07
314251;2172353000102;CAIXA ASSISTENCIAL UNIVERSITÃRIA DO RIO GRANDE DO NORTE;AutogestÃ£o;RN;1;2025; -79.449,69
314251;2172353000102;CAIXA ASSISTENCIAL UNIVERSITÃRIA DO RIO GRANDE DO NORTE;AutogestÃ£o;RN;2;2025; -79.452,80
314242;840048000108;UNIMED DE PIRASSUNUNGA COOPERATIVA DE TRABALHO MÃDICO;Cooperativa MÃ©dica;SP;1;2025; -80.529,71
336106;66872888000160;UNIMED DE MARILIA COOPERATIVA DE TRABALHO MÃDICO;Cooperativa MÃ©dica;SP;1;2025; -84.519,06
380661;44857357000166;METRUS INSTITUTO DE SEGURIDADE SOCIAL;AutogestÃ£o;SP;2;2025; -87.432,55
422827;37020290000145;TRINO - ALIANCA FILANTRÃPICA DE ASSISTÃNCIA E INTEGRAÃÃO PARA O DESENVOLVIMENTO DA SAUDE;Medicina de Grupo;ES;2;2025; -88.775,00
311847;49210966000142;UNIMED REGIONAL DA BAIXA MOGIANA - COOPERATIVA DE TRABALHO MÃDICO;Cooperativa MÃ©dica;SP;3;2025; -89.668,76
340251;80653975000158;UNIMED EXTREMO OESTE CATARINENSE COOPERATIVA DE TRABALHO MÃDICO;Cooperativa MÃ©dica;SC;2;2025; -89.779,00
402966;3123146000112;BIO SAÃDE SERVIÃOS MÃDICOS LTDA;Medicina de Grupo;SP;3;2025; -89.838,89
325571;87827689000100;UNIMED SERRA GAUCHA/RS COOPERATIVA DE ASSISTENCIA A SAUDE LTDA;Cooperativa MÃ©dica;RS;3;2025; -93.561,67
311847;49210966000142;UNIMED REGIONAL DA BAIXA MOGIANA - COOPERATIVA DE TRABALHO MÃDICO;Cooperativa MÃ©dica;SP;2;2025; -93.905,52
304395;22720791000167;UNIMED INCONFIDENTES COOPERATIVA DE TRABALHO MÃDICO LTDA.;Cooperativa MÃ©dica;MG;2;2025; -95.664,67
370070;81170003000175;UNIMED DE CASCAVEL COOPERATIVA DE TRABALHO MÃDICO;Cooperativa MÃ©dica;PR;1;2025; -96.163,76
355097;43293604000186;SANTA HELENA ASSISTÃNCIA MÃDICA S/A.;Medicina de Grupo;SP;2;2025; -97.769,61
380661;44857357000166;METRUS INSTITUTO DE SEGURIDADE SOCIAL;AutogestÃ£o;SP;1;2025; -97.846,00
345709;21839519000138;UNIMED CONSELHEIRO LAFAIETE COOPERATIVA DE TRABALHO MÃDICO LTDA;Cooperativa MÃ©dica;MG;3;2025; -99.285,29
354996;42946061000196;UNIMED ALFENAS COOPERATIVA DE TRABALHO MEDICO;Cooperativa MÃ©dica;MG;1;2025; -100.000,00
415693;4202013000102;POLICLIN SAÃDE S/A.;Medicina de Grupo;SP;1;2025; -100.202,12
312720;78339439000130;UNIMED DO ESTADO DO PARANÃ FEDERAÃÃO ESTADUAL DAS COOPERATIVAS MÃDICAS;Cooperativa MÃ©dica;PR;3;2025; -101.211,05
357391;27578434000120;UNIMED VITORIA COOPERATIVA DE TRABALHO MEDICO;Cooperativa MÃ©dica;ES;3;2025; -102.225,49
369659;44456036000150;UNIMED DE BAURU COOPERATIVA DE TRABALHO MÃDICO;Cooperativa MÃ©dica;SP;1;2025; -103.637,44
329339;82996703000186;UNIMED DE CRICIÃMA COOPERATIVA DE TRABALHO MÃDICO DA REGIÃO CARBONÃFERA;Cooperativa MÃ©dica;SC;3;2025; -104.973,95
319996;43643139000166;UNIMED DO ESTADO DE SÃO PAULO - FEDERAÃÃO ESTADUAL DAS COOP. MÃDICAS;Cooperativa MÃ©dica;SP;2;2025; -105.289,44
352683;40294225000112;UNIMED DE CAMPOS COOPERATIVA DE TRABALHO MÃDICO;Cooperativa MÃ©dica;RJ;2;2025; -105.811,37
331988;39419809000198;PASA - PLANO DE ASSISTENCIA A SAUDE DO APOSENTADO DA VALE;AutogestÃ£o;RJ;2;2025; -108.272,73
406945;147571000153;ASSOCIAÃÃO POLICIAL DE ASSISTÃNCIA Ã SAÃDE DE BAURU;AutogestÃ£o;SP;1;2025; -109.251,57
392804;773639000100;CENTRO CLÃNICO GAÃCHO LTDA;Medicina de Grupo;CE;2;2025; -109.776,65
334561;82624776000147;UNIMED BLUMENAU - COOPERATIVA DE TRABALHO MEDICO;Cooperativa MÃ©dica;SC;1;2025; -110.050,57
307319;2315431000172;CAIXA DE ASSISTÃNCIA DOS EMPREGADOS DO BANCO DO ESTADO DO RIO GRANDE DO SUL;AutogestÃ£o;RS;1;2025; -112.447,79
369659;44456036000150;UNIMED DE BAURU COOPERATIVA DE TRABALHO MÃDICO;Cooperativa MÃ©dica;SP;2;2025; -112.482,06
329339;82996703000186;UNIMED DE CRICIÃMA COOPERATIVA DE TRABALHO MÃDICO DA REGIÃO CARBONÃFERA;Cooperativa MÃ©dica;SC;2;2025; -113.405,54
312851;3315918000118;UNIMED CAMPO GRANDE MS COOPERATIVA DE TRABALHO MÃDICO;Cooperativa MÃ©dica;MS;1;2025; -114.665,61
329339;82996703000186;UNIMED DE CRICIÃMA COOPERATIVA DE TRABALHO MÃDICO DA REGIÃO CARBONÃFERA;Cooperativa MÃ©dica;SC;1;2025; -115.527,24
316873;73395469000140;CAIXA DE ASSISTENCIA A SAUDE DA UNIVERSIDADE;AutogestÃ£o;MG;3;2025; -115.572,70
306762;2322043000119;UNIMED REGIONAL JAU - COOPERATIVA DE TRABALHO MÃDICO;Cooperativa MÃ©dica;SP;2;2025; -116.097,77
333689;57746455000178;MEDISERVICE OPERADORA DE PLANOS DE SAÃDE S.A.;Medicina de Grupo;SP;2;2025; -116.526,16
316873;73395469000140;CAIXA DE ASSISTENCIA A SAUDE DA UNIVERSIDADE;AutogestÃ£o;MG;2;2025; -119.743,50
419486;17897995000138;PLADISA PLANOS DE SAÃDE SA;Medicina de Grupo;SC;3;2025; -121.708,29
323357;27626696000112;UNIMED CABO FRIO COOPERATIVA TRABALHO MÃDICO LTDA.;Cooperativa MÃ©dica;RJ;3;2025; -122.785,23
323357;27626696000112;UNIMED CABO FRIO COOPERATIVA TRABALHO MÃDICO LTDA.;Cooperativa MÃ©dica;RJ;2;2025; -125.883,67
306762;2322043000119;UNIMED REGIONAL JAU - COOPERATIVA DE TRABALHO MÃDICO;Cooperativa MÃ©dica;SP;1;2025; -128.788,88
419249;18321477000134;ASSOCIAÃÃO SANTA CASA SAÃDE DE SÃO JOSÃ DOS CAMPOS;Medicina de Grupo;SP;1;2025; -129.695,95
416738;8708980000193;OESTE SAÃDE ASSISTÃNCIA A SAÃDE SUPLEMENTAR S.A;Medicina de Grupo;SP;2;2025; -130.065,69
311715;73936395000102;UNIMED ENCOSTA DA SERRA/RS SOCIEDADE COOPERATIVA DE SERVIÃOS DE SAÃDE LTDA.;Cooperativa MÃ©dica;RS;2;2025; -130.322,37
337374;5657234000120;UNIMED PORTO VELHO - SOCIEDADE COOPERATIVA MÃDICA LTDA;Cooperativa MÃ©dica;RO;1;2025; -133.722,74
331988;39419809000198;PASA - PLANO DE ASSISTENCIA A SAUDE DO APOSENTADO DA VALE;AutogestÃ£o;RJ;3;2025; -135.699,27
315796;44863959000126;UNIMED DE PRESIDENTE PRUDENTE COOPERATIVA DE TRAB. MÃDICO;Cooperativa MÃ©dica;SP;1;2025; -136.630,92
348082;54012406000113;UNIMED ANHANGUERA COOPERATIVA DE TRABALHO MÃDICO;Cooperativa MÃ©dica;SP;2;2025; -137.559,18
304701;75055772000120;UNIMED CURITIBA - SOCIEDADE COOPERATIVA DE MÃDICOS;Cooperativa MÃ©dica;PR;3;2025; -141.183,67
354678;86584901000193;UNIMED MACHADO COOPERATIVA DE TRABALHO MEDICO;Cooperativa MÃ©dica;MG;3;2025; -141.623,76
416401;8097092000181;CAIXA DE ASSISTÃNCIA DOS EMPREGADOS DA EMPRESA BRASILEIRA DE PESQUISA  AGROPECUÃRIA;AutogestÃ£o;DF;2;2025; -141.709,27
357391;27578434000120;UNIMED VITORIA COOPERATIVA DE TRABALHO MEDICO;Cooperativa MÃ©dica;ES;2;2025; -143.068,57
343064;45572583000163;GARANTIA DE SAÃDE LTDA;Medicina de Grupo;SP;1;2025; -143.523,56
336106;66872888000160;UNIMED DE MARILIA COOPERATIVA DE TRABALHO MÃDICO;Cooperativa MÃ©dica;SP;2;2025; -144.057,96
406945;147571000153;ASSOCIAÃÃO POLICIAL DE ASSISTÃNCIA Ã SAÃDE DE BAURU;AutogestÃ£o;SP;2;2025; -144.977,69
369659;44456036000150;UNIMED DE BAURU COOPERATIVA DE TRABALHO MÃDICO;Cooperativa MÃ©dica;SP;3;2025; -146.657,36
306762;2322043000119;UNIMED REGIONAL JAU - COOPERATIVA DE TRABALHO MÃDICO;Cooperativa MÃ©dica;SP;3;2025; -147.848,19
406945;147571000153;ASSOCIAÃÃO POLICIAL DE ASSISTÃNCIA Ã SAÃDE DE BAURU;AutogestÃ£o;SP;3;2025; -148.729,15
417548;3033006000153;CAIXA DE ASSISTÃNCIA OSWALDO CRUZ;AutogestÃ£o;RJ;3;2025; -152.257,50
329886;72783970000111;UNIMED DE JABOTICABAL COOP. DE TRABALHO MÃDICO;Cooperativa MÃ©dica;SP;2;2025; -152.654,87
316873;73395469000140;CAIXA DE ASSISTENCIA A SAUDE DA UNIVERSIDADE;AutogestÃ£o;MG;1;2025; -153.071,24
300136;103956000119;UNIMED LITORAL SUL/RS - COOPERATIVA DE ASSISTÃNCIA Ã SAÃDE LTDA.;Cooperativa MÃ©dica;RS;1;2025; -153.525,48
418587;15131148000132;AMHA SAUDE S/A;Medicina de Grupo;SP;3;2025; -153.888,87
392804;773639000100;CENTRO CLÃNICO GAÃCHO LTDA;Medicina de Grupo;CE;1;2025; -154.200,00
402966;3123146000112;BIO SAÃDE SERVIÃOS MÃDICOS LTDA;Medicina de Grupo;SP;1;2025; -156.730,89
355721;58229691000180;UNIMED DE SANTOS COOP DE TRAB MEDICO;Cooperativa MÃ©dica;SP;2;2025; -158.431,51
355577;45207131000182;UNIMED DE GUARATINGUETA-COOPERATIVA DE TRABALHO MÃDICO;Cooperativa MÃ©dica;SP;2;2025; -160.483,88
329886;72783970000111;UNIMED DE JABOTICABAL COOP. DE TRABALHO MÃDICO;Cooperativa MÃ©dica;SP;3;2025; -162.263,15
356417;88258884000120;UNIMED VALE DO SINOS - COOPERATIVA DE ASSISTÃNCIA Ã SAÃDE LTDA;Cooperativa MÃ©dica;RS;3;2025; -167.582,57
416738;8708980000193;OESTE SAÃDE ASSISTÃNCIA A SAÃDE SUPLEMENTAR S.A;Medicina de Grupo;SP;1;2025; -170.288,58
701;4487255000181;UNIMED SEGUROS SAÃDE S/A;Seguradora Especializada em SaÃºde;SP;2;2025; -172.433,68
350249;2668512000156;H.B. SAÃDE S/A.;Medicina de Grupo;SP;1;2025; -172.746,78
356417;88258884000120;UNIMED VALE DO SINOS - COOPERATIVA DE ASSISTÃNCIA Ã SAÃDE LTDA;Cooperativa MÃ©dica;RS;2;2025; -175.550,04
312347;26629238000174;UNIMED ANÃPOLIS COOPERATIVA DE TRABALHO MÃDICO.;Cooperativa MÃ©dica;GO;1;2025; -175.973,08
355691;76590884000143;UNIMED DO ESTADO DE SANTA CATARINA FED. EST. DAS COOP. MÃD.;Cooperativa MÃ©dica;SC;2;2025; -178.423,20
348082;54012406000113;UNIMED ANHANGUERA COOPERATIVA DE TRABALHO MÃDICO;Cooperativa MÃ©dica;SP;1;2025; -179.641,07
300136;103956000119;UNIMED LITORAL SUL/RS - COOPERATIVA DE ASSISTÃNCIA Ã SAÃDE LTDA.;Cooperativa MÃ©dica;RS;2;2025; -180.670,82
336106;66872888000160;UNIMED DE MARILIA COOPERATIVA DE TRABALHO MÃDICO;Cooperativa MÃ©dica;SP;3;2025; -181.528,19
348520;62550256000120;NOTRE DAME INTERMÃDICA MINAS GERAIS SAÃDE S.A.;Medicina de Grupo;CE;2;2025; -182.891,11
303356;85377174000120;UNIMED LITORAL COOPERATIVA DE TRABALHO MÃDICO LTDA;Cooperativa MÃ©dica;SC;2;2025; -191.863,50
515;4439627000102;ALLIANZ SAÃDE S/A;Seguradora Especializada em SaÃºde;SP;3;2025; -191.919,57
317896;71499792000139;UNIMED VERTENTE DO CAPARAÃ - COOPERATIVA DE TRABALHO MÃDICO LTDA;Cooperativa MÃ©dica;MG;1;2025; -192.926,06
340251;80653975000158;UNIMED EXTREMO OESTE CATARINENSE COOPERATIVA DE TRABALHO MÃDICO;Cooperativa MÃ©dica;SC;3;2025; -196.382,92
355691;76590884000143;UNIMED DO ESTADO DE SANTA CATARINA FED. EST. DAS COOP. MÃD.;Cooperativa MÃ©dica;SC;1;2025; -196.708,98
311715;73936395000102;UNIMED ENCOSTA DA SERRA/RS SOCIEDADE COOPERATIVA DE SERVIÃOS DE SAÃDE LTDA.;Cooperativa MÃ©dica;RS;1;2025; -199.719,83
333689;57746455000178;MEDISERVICE OPERADORA DE PLANOS DE SAÃDE S.A.;Medicina de Grupo;SP;3;2025; -202.170,29
348082;54012406000113;UNIMED ANHANGUERA COOPERATIVA DE TRABALHO MÃDICO;Cooperativa MÃ©dica;SP;3;2025; -204.600,89
352543;7057185000110;UNIMED MARANHÃO DO SUL - COOPERATIVA DE TRABALHO MÃDICO;Cooperativa MÃ©dica;MA;1;2025; -215.763,89
337374;5657234000120;UNIMED PORTO VELHO - SOCIEDADE COOPERATIVA MÃDICA LTDA;Cooperativa MÃ©dica;RO;2;2025; -219.103,48
348295;45399961000159;UNIMED SOROCABA COOPERATIVA DE TRABALHO MÃDICO;Cooperativa MÃ©dica;SP;2;2025; -219.761,34
384577;17790718000121;UNIMED UBERLÃNDIA COOPERATIVA REGIONAL TRABALHO MÃDICO LTDA;Cooperativa MÃ©dica;MG;1;2025; -225.619,16
515;4439627000102;ALLIANZ SAÃDE S/A;Seguradora Especializada em SaÃºde;SP;1;2025; -226.921,71
348295;45399961000159;UNIMED SOROCABA COOPERATIVA DE TRABALHO MÃDICO;Cooperativa MÃ©dica;SP;3;2025; -227.358,83
334561;82624776000147;UNIMED BLUMENAU - COOPERATIVA DE TRABALHO MEDICO;Cooperativa MÃ©dica;SC;2;2025; -230.178,13
300136;103956000119;UNIMED LITORAL SUL/RS - COOPERATIVA DE ASSISTÃNCIA Ã SAÃDE LTDA.;Cooperativa MÃ©dica;RS;3;2025; -235.702,72
384577;17790718000121;UNIMED UBERLÃNDIA COOPERATIVA REGIONAL TRABALHO MÃDICO LTDA;Cooperativa MÃ©dica;MG;3;2025; -239.277,08
312347;26629238000174;UNIMED ANÃPOLIS COOPERATIVA DE TRABALHO MÃDICO.;Cooperativa MÃ©dica;GO;3;2025; -240.411,84
315796;44863959000126;UNIMED DE PRESIDENTE PRUDENTE COOPERATIVA DE TRAB. MÃDICO;Cooperativa MÃ©dica;SP;3;2025; -242.397,11
312347;26629238000174;UNIMED ANÃPOLIS COOPERATIVA DE TRABALHO MÃDICO.;Cooperativa MÃ©dica;GO;2;2025; -243.445,79
355691;76590884000143;UNIMED DO ESTADO DE SANTA CATARINA FED. EST. DAS COOP. MÃD.;Cooperativa MÃ©dica;SC;3;2025; -247.149,69
350249;2668512000156;H.B. SAÃDE S/A.;Medicina de Grupo;SP;2;2025; -250.116,45
417947;10935483000170;ASSOCIAÃÃO DA SANTA CASA SAÃDE DE RIBEIRÃO PRETO;Medicina de Grupo;SP;3;2025; -252.432,16
348261;42889436000123;UNIMED ALTO SÃO FRANCISCO COOPERATIVA DE TRABALHO MÃDICO;Cooperativa MÃ©dica;MG;1;2025; -254.465,22
323004;12698000165;UNIMED DE PENAPOLIS - COOPERATIVA DE TRABALHO MEDICO;Cooperativa MÃ©dica;SP;1;2025; -260.896,88
311359;304148000110;FUNDAÃÃO DE SAÃDE ITAIGUAPY;Medicina de Grupo;PR;1;2025; -262.224,09
352543;7057185000110;UNIMED MARANHÃO DO SUL - COOPERATIVA DE TRABALHO MÃDICO;Cooperativa MÃ©dica;MA;3;2025; -263.462,06
304701;75055772000120;UNIMED CURITIBA - SOCIEDADE COOPERATIVA DE MÃDICOS;Cooperativa MÃ©dica;PR;2;2025; -267.085,75
315796;44863959000126;UNIMED DE PRESIDENTE PRUDENTE COOPERATIVA DE TRAB. MÃDICO;Cooperativa MÃ©dica;SP;2;2025; -268.296,51
323004;12698000165;UNIMED DE PENAPOLIS - COOPERATIVA DE TRABALHO MEDICO;Cooperativa MÃ©dica;SP;3;2025; -268.362,69
311359;304148000110;FUNDAÃÃO DE SAÃDE ITAIGUAPY;Medicina de Grupo;PR;3;2025; -269.258,71
323004;12698000165;UNIMED DE PENAPOLIS - COOPERATIVA DE TRABALHO MEDICO;Cooperativa MÃ©dica;SP;2;2025; -277.874,60
331988;39419809000198;PASA - PLANO DE ASSISTENCIA A SAUDE DO APOSENTADO DA VALE;AutogestÃ£o;RJ;1;2025; -282.381,69
384577;17790718000121;UNIMED UBERLÃNDIA COOPERATIVA REGIONAL TRABALHO MÃDICO LTDA;Cooperativa MÃ©dica;MG;2;2025; -288.931,20
317233;42160192000143;FUNDAÃÃO CHESF DE ASSISTÃNCIA E SEGURIDADE SOCIAL;AutogestÃ£o;PE;3;2025; -293.126,03
343064;45572583000163;GARANTIA DE SAÃDE LTDA;Medicina de Grupo;SP;2;2025; -298.694,86
386588;42892281000184;UNIMED GOVERNADOR VALADARES COOP. DE TRABALHO MÃDICO LTDA.;Cooperativa MÃ©dica;MG;2;2025; -303.907,62
331341;60633369000163;UNIMED DE BEBEDOURO COOPERATIVA DE TRABALHO MÃDICO;Cooperativa MÃ©dica;SP;3;2025; -304.090,04
319121;25250820000162;UNIMED DIVINOPOLIS - COOPERATIVA DE TRABALHO MEDICO LTDA;Cooperativa MÃ©dica;MG;1;2025; -307.708,13
317144;5868278000107;UNIMED DE FORTALEZA SOCIEDADE COOPERATIVA MÃDICA LTDA.;Cooperativa MÃ©dica;CE;1;2025; -313.279,79
319121;25250820000162;UNIMED DIVINOPOLIS - COOPERATIVA DE TRABALHO MEDICO LTDA;Cooperativa MÃ©dica;MG;3;2025; -316.026,34
355577;45207131000182;UNIMED DE GUARATINGUETA-COOPERATIVA DE TRABALHO MÃDICO;Cooperativa MÃ©dica;SP;3;2025; -320.967,74
319996;43643139000166;UNIMED DO ESTADO DE SÃO PAULO - FEDERAÃÃO ESTADUAL DAS COOP. MÃDICAS;Cooperativa MÃ©dica;SP;1;2025; -325.838,83
416401;8097092000181;CAIXA DE ASSISTÃNCIA DOS EMPREGADOS DA EMPRESA BRASILEIRA DE PESQUISA  AGROPECUÃRIA;AutogestÃ£o;DF;3;2025; -327.690,51
331341;60633369000163;UNIMED DE BEBEDOURO COOPERATIVA DE TRABALHO MÃDICO;Cooperativa MÃ©dica;SP;2;2025; -329.226,67
304883;45425899000122;UNIMED DE BOTUCATU COOPERATIVA DE TRABALHO MÃDICO;Cooperativa MÃ©dica;SP;1;2025; -331.314,99
326500;50739135000141;SOBAM CENTRO MÃDICO HOSPITALAR S.A.;Medicina de Grupo;SP;1;2025; -335.034,36
335100;45100138000109;UNIMED SAO JOSÃ DO RIO PRETO - COOP. DE TRABALHO MÃDICO;Cooperativa MÃ©dica;SP;2;2025; -339.636,54
331341;60633369000163;UNIMED DE BEBEDOURO COOPERATIVA DE TRABALHO MÃDICO;Cooperativa MÃ©dica;SP;1;2025; -344.556,78
304883;45425899000122;UNIMED DE BOTUCATU COOPERATIVA DE TRABALHO MÃDICO;Cooperativa MÃ©dica;SP;2;2025; -351.665,46
317144;5868278000107;UNIMED DE FORTALEZA SOCIEDADE COOPERATIVA MÃDICA LTDA.;Cooperativa MÃ©dica;CE;3;2025; -362.581,55
319121;25250820000162;UNIMED DIVINOPOLIS - COOPERATIVA DE TRABALHO MEDICO LTDA;Cooperativa MÃ©dica;MG;2;2025; -364.944,98
368920;20320487000105;AGROS - INSTITUTO UFV DE SEGURIDADE SOCIAL;AutogestÃ£o;MG;1;2025; -376.178,10
368920;20320487000105;AGROS - INSTITUTO UFV DE SEGURIDADE SOCIAL;AutogestÃ£o;MG;2;2025; -376.445,77
342084;3533726000188;UNIMED CUIABA COOPERATIVA DE TRABALHO MÃDICO;Cooperativa MÃ©dica;MT;2;2025; -383.223,12
314099;2597394000132;UNIMED VALE DO SEPOTUBA - COOPERATIVA DE TRABALHO MÃDICO;Cooperativa MÃ©dica;MT;1;2025; -393.054,51
319996;43643139000166;UNIMED DO ESTADO DE SÃO PAULO - FEDERAÃÃO ESTADUAL DAS COOP. MÃDICAS;Cooperativa MÃ©dica;SP;3;2025; -393.946,30
352331;62231527000184;CAIXA BENEFICENTE DOS FUNCIONARIOS DO BANCO DO ESTADO DE SÃO PAULO;AutogestÃ£o;SP;2;2025; -398.747,87
317144;5868278000107;UNIMED DE FORTALEZA SOCIEDADE COOPERATIVA MÃDICA LTDA.;Cooperativa MÃ©dica;CE;2;2025; -416.122,76
386588;42892281000184;UNIMED GOVERNADOR VALADARES COOP. DE TRABALHO MÃDICO LTDA.;Cooperativa MÃ©dica;MG;3;2025; -422.724,47
368920;20320487000105;AGROS - INSTITUTO UFV DE SEGURIDADE SOCIAL;AutogestÃ£o;MG;3;2025; -431.232,88
321273;82602327000106;UNIMED DE JOINVILLE COOPERATIVA DE TRABALHO MÃDICO;Cooperativa MÃ©dica;SC;3;2025; -441.012,01
348520;62550256000120;NOTRE DAME INTERMÃDICA MINAS GERAIS SAÃDE S.A.;Medicina de Grupo;CE;1;2025; -447.320,77
301574;50480953000172;UNIMED DE LIMEIRA COOPERATIVA DE TRABALHO MÃDICO;Cooperativa MÃ©dica;SP;2;2025; -476.700,56
701;4487255000181;UNIMED SEGUROS SAÃDE S/A;Seguradora Especializada em SaÃºde;SP;3;2025; -481.008,02
326500;50739135000141;SOBAM CENTRO MÃDICO HOSPITALAR S.A.;Medicina de Grupo;SP;2;2025; -483.809,30
342084;3533726000188;UNIMED CUIABA COOPERATIVA DE TRABALHO MÃDICO;Cooperativa MÃ©dica;MT;3;2025; -487.985,11
326500;50739135000141;SOBAM CENTRO MÃDICO HOSPITALAR S.A.;Medicina de Grupo;SP;3;2025; -495.233,49
402206;2220135000198;ASSOCIAÃÃO GOIANA DO MINISTÃRIO PÃBLICO;AutogestÃ£o;GO;3;2025; -498.527,63
324477;30036685000197;CAIXA DE PREVIDÃNCIA E ASSISTÃNCIA DOS SERVIDORES DA FUNDAÃÃO NACIONAL DE SAÃDE - CAPESESP;AutogestÃ£o;RJ;2;2025; -501.663,08
324477;30036685000197;CAIXA DE PREVIDÃNCIA E ASSISTÃNCIA DOS SERVIDORES DA FUNDAÃÃO NACIONAL DE SAÃDE - CAPESESP;AutogestÃ£o;RJ;1;2025; -501.978,40
352683;40294225000112;UNIMED DE CAMPOS COOPERATIVA DE TRABALHO MÃDICO;Cooperativa MÃ©dica;RJ;1;2025; -519.415,20
413330;4257073000114;AMEP FREGUESIA OPERADORA DE PLANO DE SAUDE LTDA;Medicina de Grupo;RJ;3;2025; -521.501,25
314099;2597394000132;UNIMED VALE DO SEPOTUBA - COOPERATIVA DE TRABALHO MÃDICO;Cooperativa MÃ©dica;MT;3;2025; -533.026,23
419133;18275071000162;POSTAL SAÃDE CAIXA DE ASSISTÃNCIA E SAÃDE DOS EMPREGADOS DOS CORREIOS;AutogestÃ£o;DF;3;2025; -537.463,30
335754;14799035000147;ASSOCIAÃÃO DOS SERVIDORES FISCAIS DO ESTADO DA BAHIA;AutogestÃ£o;BA;3;2025; -557.761,43
335100;45100138000109;UNIMED SAO JOSÃ DO RIO PRETO - COOP. DE TRABALHO MÃDICO;Cooperativa MÃ©dica;SP;3;2025; -561.893,71
378216;20119509000165;FUNDAÃÃO LIBERTAS DE SEGURIDADE SOCIAL;AutogestÃ£o;MG;2;2025; -570.351,76
418820;27085968000114;CAIXA DE ASSISTÃNCIA AOS MEMBROS DA DEFENSORIA PÃBLICA DO ESTADO DO RIO DE JANEIRO;AutogestÃ£o;RJ;2;2025; -575.880,75
378216;20119509000165;FUNDAÃÃO LIBERTAS DE SEGURIDADE SOCIAL;AutogestÃ£o;MG;3;2025; -578.714,94
314099;2597394000132;UNIMED VALE DO SEPOTUBA - COOPERATIVA DE TRABALHO MÃDICO;Cooperativa MÃ©dica;MT;2;2025; -580.309,34
413330;4257073000114;AMEP FREGUESIA OPERADORA DE PLANO DE SAUDE LTDA;Medicina de Grupo;RJ;2;2025; -601.848,32
340782;76882612000117;CLINIPAM CLINICA PARANAENSE DE ASSISTENCIA MEDICA LTDA;Medicina de Grupo;CE;2;2025; -604.355,46
335754;14799035000147;ASSOCIAÃÃO DOS SERVIDORES FISCAIS DO ESTADO DA BAHIA;AutogestÃ£o;BA;1;2025; -628.916,81
301574;50480953000172;UNIMED DE LIMEIRA COOPERATIVA DE TRABALHO MÃDICO;Cooperativa MÃ©dica;SP;1;2025; -640.522,46
419133;18275071000162;POSTAL SAÃDE CAIXA DE ASSISTÃNCIA E SAÃDE DOS EMPREGADOS DOS CORREIOS;AutogestÃ£o;DF;2;2025; -645.295,65
419133;18275071000162;POSTAL SAÃDE CAIXA DE ASSISTÃNCIA E SAÃDE DOS EMPREGADOS DOS CORREIOS;AutogestÃ£o;DF;1;2025; -646.561,17
419249;18321477000134;ASSOCIAÃÃO SANTA CASA SAÃDE DE SÃO JOSÃ DOS CAMPOS;Medicina de Grupo;SP;3;2025; -649.438,01
335754;14799035000147;ASSOCIAÃÃO DOS SERVIDORES FISCAIS DO ESTADO DA BAHIA;AutogestÃ£o;BA;2;2025; -654.628,00
413330;4257073000114;AMEP FREGUESIA OPERADORA DE PLANO DE SAUDE LTDA;Medicina de Grupo;RJ;1;2025; -658.512,49
335690;46124624000111;UNIMED CAMPINAS - COOPERATIVA DE TRABALHO MÃDICO;Cooperativa MÃ©dica;SP;3;2025; -711.265,71
355097;43293604000186;SANTA HELENA ASSISTÃNCIA MÃDICA S/A.;Medicina de Grupo;SP;1;2025; -729.726,17
335690;46124624000111;UNIMED CAMPINAS - COOPERATIVA DE TRABALHO MÃDICO;Cooperativa MÃ©dica;SP;1;2025; -770.845,56
352331;62231527000184;CAIXA BENEFICENTE DOS FUNCIONARIOS DO BANCO DO ESTADO DE SÃO PAULO;AutogestÃ£o;SP;1;2025; -774.409,30
307319;2315431000172;CAIXA DE ASSISTÃNCIA DOS EMPREGADOS DO BANCO DO ESTADO DO RIO GRANDE DO SUL;AutogestÃ£o;RS;3;2025; -778.425,61
307751;12585261000108;FUNDAÃAO COMPESA DE PREVIDENCIA E ASSISTENCIA - COMPESAPREV;AutogestÃ£o;PE;1;2025; -812.141,27
360244;2864364000145;PLANO DE SAÃDE ANA COSTA LTDA.;Medicina de Grupo;SP;2;2025; -822.230,96
360244;2864364000145;PLANO DE SAÃDE ANA COSTA LTDA.;Medicina de Grupo;SP;3;2025; -825.277,94
360244;2864364000145;PLANO DE SAÃDE ANA COSTA LTDA.;Medicina de Grupo;SP;1;2025; -831.326,74
352501;87096616000196;UNIMED PORTO ALEGRE - COOPERATIVA MÃDICA LTDA.;Cooperativa MÃ©dica;RS;1;2025; -837.697,18
335690;46124624000111;UNIMED CAMPINAS - COOPERATIVA DE TRABALHO MÃDICO;Cooperativa MÃ©dica;SP;2;2025; -839.485,87
355097;43293604000186;SANTA HELENA ASSISTÃNCIA MÃDICA S/A.;Medicina de Grupo;SP;3;2025; -860.915,40
331872;60214517000105;UNIMED SAO JOSE DOS CAMPOS - COOPERATIVA DE TRABALHO MEDICO;Cooperativa MÃ©dica;SP;1;2025; -887.020,31
364312;45272366000158;UNIMED DE ARARAQUARA - COOP. DE TRAB. MÃDICO;Cooperativa MÃ©dica;SP;2;2025; -898.041,39
364312;45272366000158;UNIMED DE ARARAQUARA - COOP. DE TRAB. MÃDICO;Cooperativa MÃ©dica;SP;1;2025; -965.857,97
416428;2866602000151;SUL AMÃRICA PARANÃ CLÃNICAS SERVIÃOS DE SAÃDE S.A.;Medicina de Grupo;SP;2;2025; -970.138,55
360449;77858611000108;UNIMED GRANDE FLORIANÃPOLIS-COOPERATIVA DE TRABALHO MEDICO;Cooperativa MÃ©dica;SC;1;2025; -980.714,90
307319;2315431000172;CAIXA DE ASSISTÃNCIA DOS EMPREGADOS DO BANCO DO ESTADO DO RIO GRANDE DO SUL;AutogestÃ£o;RS;2;2025; -989.397,87
360449;77858611000108;UNIMED GRANDE FLORIANÃPOLIS-COOPERATIVA DE TRABALHO MEDICO;Cooperativa MÃ©dica;SC;3;2025; -1.053.752,01
360449;77858611000108;UNIMED GRANDE FLORIANÃPOLIS-COOPERATIVA DE TRABALHO MEDICO;Cooperativa MÃ©dica;SC;2;2025; -1.057.829,88
334561;82624776000147;UNIMED BLUMENAU - COOPERATIVA DE TRABALHO MEDICO;Cooperativa MÃ©dica;SC;3;2025; -1.092.857,52
324477;30036685000197;CAIXA DE PREVIDÃNCIA E ASSISTÃNCIA DOS SERVIDORES DA FUNDAÃÃO NACIONAL DE SAÃDE - CAPESESP;AutogestÃ£o;RJ;3;2025; -1.110.965,25
424188;50565317000143;SERV  SOCIAL AUTÃNOMO DE ASSIST Ã SAÃDE DOS SERV PÃBLICOS E MILITARES DE GOIÃS;AutogestÃ£o;GO;3;2025; -1.111.285,81
421715;15011651000154;BRADESCO SAÃDE - OPERADORA DE PLANOS  S/A;Medicina de Grupo;SP;1;2025; -1.125.663,25
351202;45232246000127;UNIMED DE RIBEIRAO PRETO - COOPERATIVA DE TRABALHO MÃDICO;Cooperativa MÃ©dica;SP;2;2025; -1.125.663,86
352331;62231527000184;CAIXA BENEFICENTE DOS FUNCIONARIOS DO BANCO DO ESTADO DE SÃO PAULO;AutogestÃ£o;SP;3;2025; -1.127.631,74
352501;87096616000196;UNIMED PORTO ALEGRE - COOPERATIVA MÃDICA LTDA.;Cooperativa MÃ©dica;RS;2;2025; -1.141.046,46
351202;45232246000127;UNIMED DE RIBEIRAO PRETO - COOPERATIVA DE TRABALHO MÃDICO;Cooperativa MÃ©dica;SP;1;2025; -1.158.479,31
314218;60975174000100;ASSOCIAÃÃO DE BENEFICÃNCIA E FILANTROPIA SÃO CRISTOVÃO;Filantropia;SP;1;2025; -1.182.808,70
314218;60975174000100;ASSOCIAÃÃO DE BENEFICÃNCIA E FILANTROPIA SÃO CRISTOVÃO;Filantropia;SP;2;2025; -1.237.558,95
352501;87096616000196;UNIMED PORTO ALEGRE - COOPERATIVA MÃDICA LTDA.;Cooperativa MÃ©dica;RS;3;2025; -1.242.224,40
351202;45232246000127;UNIMED DE RIBEIRAO PRETO - COOPERATIVA DE TRABALHO MÃDICO;Cooperativa MÃ©dica;SP;3;2025; -1.251.117,20
416428;2866602000151;SUL AMÃRICA PARANÃ CLÃNICAS SERVIÃOS DE SAÃDE S.A.;Medicina de Grupo;SP;1;2025; -1.256.546,42
340251;80653975000158;UNIMED EXTREMO OESTE CATARINENSE COOPERATIVA DE TRABALHO MÃDICO;Cooperativa MÃ©dica;SC;1;2025; -1.270.027,40
314218;60975174000100;ASSOCIAÃÃO DE BENEFICÃNCIA E FILANTROPIA SÃO CRISTOVÃO;Filantropia;SP;3;2025; -1.323.610,26
424188;50565317000143;SERV  SOCIAL AUTÃNOMO DE ASSIST Ã SAÃDE DOS SERV PÃBLICOS E MILITARES DE GOIÃS;AutogestÃ£o;GO;2;2025; -1.580.203,28
422631;39427632000171;ASSOCIAÃÃO PETROBRAS DE SAÃDE - APS;AutogestÃ£o;RJ;1;2025; -1.585.235,81
416428;2866602000151;SUL AMÃRICA PARANÃ CLÃNICAS SERVIÃOS DE SAÃDE S.A.;Medicina de Grupo;SP;3;2025; -1.603.494,66
422631;39427632000171;ASSOCIAÃÃO PETROBRAS DE SAÃDE - APS;AutogestÃ£o;RJ;3;2025; -1.606.331,36
335592;8380701000105;UNIMED NATAL SOC. COOP. DE TRAB. MÃDICO;Cooperativa MÃ©dica;RN;3;2025; -1.765.740,78
421715;15011651000154;BRADESCO SAÃDE - OPERADORA DE PLANOS  S/A;Medicina de Grupo;SP;2;2025; -1.913.399,02
422631;39427632000171;ASSOCIAÃÃO PETROBRAS DE SAÃDE - APS;AutogestÃ£o;RJ;2;2025; -1.926.655,38
582;4540010000170;PORTO SEGURO - SEGURO SAÃDE S/A;Seguradora Especializada em SaÃºde;SP;1;2025; -1.952.251,16
309222;31925548000176;GRUPO HOSPITALAR DO RIO DE JANEIRO LTDA;Medicina de Grupo;RJ;2;2025; -2.453.128,80
582;4540010000170;PORTO SEGURO - SEGURO SAÃDE S/A;Seguradora Especializada em SaÃºde;SP;2;2025; -2.572.700,39
323080;3658432000182;GEAP AUTOGESTÃO EM SAÃDE;AutogestÃ£o;DF;2;2025; -2.911.726,66
323080;3658432000182;GEAP AUTOGESTÃO EM SAÃDE;AutogestÃ£o;DF;1;2025; -2.916.754,31
309222;31925548000176;GRUPO HOSPITALAR DO RIO DE JANEIRO LTDA;Medicina de Grupo;RJ;1;2025; -2.927.582,03
421715;15011651000154;BRADESCO SAÃDE - OPERADORA DE PLANOS  S/A;Medicina de Grupo;SP;3;2025; -3.105.124,77
582;4540010000170;PORTO SEGURO - SEGURO SAÃDE S/A;Seguradora Especializada em SaÃºde;SP;3;2025; -3.178.046,31
323268;40853020000120;UNIMED VALE DO SÃO FRANCISCO COOPERATIVA DE TRABALHO MÃDICO;Cooperativa MÃ©dica;PE;1;2025; -3.319.433,31
315478;62465117000106;FUNDAÃÃO CESP;AutogestÃ£o;SP;3;2025; -3.583.144,62
315478;62465117000106;FUNDAÃÃO CESP;AutogestÃ£o;SP;1;2025; -3.683.318,22
323080;3658432000182;GEAP AUTOGESTÃO EM SAÃDE;AutogestÃ£o;DF;3;2025; -3.889.619,59
309222;31925548000176;GRUPO HOSPITALAR DO RIO DE JANEIRO LTDA;Medicina de Grupo;RJ;3;2025; -4.059.287,57
335592;8380701000105;UNIMED NATAL SOC. COOP. DE TRAB. MÃDICO;Cooperativa MÃ©dica;RN;2;2025; -5.124.060,30
315478;62465117000106;FUNDAÃÃO CESP;AutogestÃ£o;SP;2;2025; -6.028.538,76
6246;1685053000156;SUL AMERICA COMPANHIA DE SEGURO SAÃDE;Seguradora Especializada em SaÃºde;RJ;1;2025; -6.937.136,86
6246;1685053000156;SUL AMERICA COMPANHIA DE SEGURO SAÃDE;Seguradora Especializada em SaÃºde;RJ;2;2025; -7.042.548,21
335592;8380701000105;UNIMED NATAL SOC. COOP. DE TRAB. MÃDICO;Cooperativa MÃ©dica;RN;1;2025; -7.837.663,60
6246;1685053000156;SUL AMERICA COMPANHIA DE SEGURO SAÃDE;Seguradora Especializada em SaÃºde;RJ;3;2025; -7.954.993,86
359017;44649812000138;NOTRE DAME INTERMÃDICA SAÃDE S.A.;Medicina de Grupo;SP;3;2025; -8.370.330,52
338648;77375897000162;FUNDAÃÃO SANEPAR DE ASSISTÃNCIA SOCIAL;AutogestÃ£o;PR;1;2025; -9.614.526,49
359017;44649812000138;NOTRE DAME INTERMÃDICA SAÃDE S.A.;Medicina de Grupo;SP;1;2025; -10.099.077,59
359017;44649812000138;NOTRE DAME INTERMÃDICA SAÃDE S.A.;Medicina de Grupo;SP;2;2025; -10.138.259,62
326305;29309127000179;AMIL ASSISTÃNCIA MÃDICA INTERNACIONAL S.A.;Medicina de Grupo;SP;3;2025; -11.129.734,14
326305;29309127000179;AMIL ASSISTÃNCIA MÃDICA INTERNACIONAL S.A.;Medicina de Grupo;SP;2;2025; -11.327.652,00
368253;63554067000198;HAPVIDA ASSISTENCIA MEDICA S.A.;Medicina de Grupo;CE;1;2025; -14.056.817,79
5711;92693118000160;BRADESCO SAÃDE S.A.;Seguradora Especializada em SaÃºde;RJ;1;2025; -16.141.064,47
368253;63554067000198;HAPVIDA ASSISTENCIA MEDICA S.A.;Medicina de Grupo;CE;2;2025; -16.874.993,20
5711;92693118000160;BRADESCO SAÃDE S.A.;Seguradora Especializada em SaÃºde;RJ;2;2025; -17.729.284,75
346659;33719485000127;CAIXA DE ASSISTÃNCIA DOS FUNCIONÃRIOS DO BANCO DO BRASIL;AutogestÃ£o;DF;1;2025; -18.840.887,13
368253;63554067000198;HAPVIDA ASSISTENCIA MEDICA S.A.;Medicina de Grupo;CE;3;2025; -19.306.606,47
326305;29309127000179;AMIL ASSISTÃNCIA MÃDICA INTERNACIONAL S.A.;Medicina de Grupo;SP;1;2025; -19.748.223,25
5711;92693118000160;BRADESCO SAÃDE S.A.;Seguradora Especializada em SaÃºde;RJ;3;2025; -22.421.165,04
346659;33719485000127;CAIXA DE ASSISTÃNCIA DOS FUNCIONÃRIOS DO BANCO DO BRASIL;AutogestÃ£o;DF;2;2025; -24.575.715,26
346659;33719485000127;CAIXA DE ASSISTÃNCIA DOS FUNCIONÃRIOS DO BANCO DO BRASIL;AutogestÃ£o;DF;3;2025; -28.072.405,55
